image,xtl,ytl,xbr,ybr,width,height,mask,has_safety_helmet,label
images0.jpg,56.81,33.60,77.74,58.80,299,168,no,yes,helmet
images1.jpg,219.76,6.12,285.36,67.32,328,153,no,no,None
images10.jpg,178.56,54.25,190.08,68.25,288,175,invisible,yes,helmet
images10.jpg,118.08,59.50,126.72,70.00,288,175,invisible,no,None
images10.jpg,83.52,35.00,89.28,43.75,288,175,invisible,no,None
images10.jpg,213.12,68.25,221.76,77.00,288,175,invisible,no,None
images10.jpg,152.85,7.23,156.45,11.23,288,175,invisible,no,None
images10.jpg,165.13,23.17,170.23,28.47,288,175,invisible,no,None
images10.jpg,121.09,111.20,132.29,123.70,288,175,invisible,yes,helmet
images10.jpg,81.65,84.98,92.95,94.08,288,175,invisible,yes,helmet
images10.jpg,172.96,13.29,177.05,17.39,288,175,invisible,no,None
images10.jpg,49.08,22.03,52.28,25.32,288,175,invisible,no,None
images10.jpg,10.75,16.22,14.75,20.12,288,175,invisible,no,None
images10.jpg,133.11,62.31,141.31,73.40,288,175,invisible,yes,helmet
images10.jpg,135.10,43.40,143.31,52.70,288,175,invisible,yes,helmet
images10.jpg,141.73,7.87,145.53,13.30,288,175,invisible,no,None
images10.jpg,171.90,17.50,178.90,24.50,288,175,invisible,no,None
images100.jpg,165.00,58.56,192.50,98.82,275,183,no,yes,helmet
images100.jpg,140.25,56.73,176.00,102.48,275,183,yes,yes,both
images100.jpg,176.00,56.73,217.25,100.65,275,183,no,yes,helmet
images101.jpg,109.40,84.40,131.70,116.20,201,251,yes,yes,both
images101.jpg,62.31,60.24,106.53,117.97,201,251,no,no,None
images101.jpg,148.50,82.56,181.40,121.60,201,251,yes,yes,both
images102.jpg,126.00,16.80,162.00,60.48,300,168,yes,yes,both
images103.jpg,107.64,25.20,119.60,38.64,299,168,invisible,no,None
images103.jpg,107.64,35.28,125.58,53.76,299,168,yes,no,mask
images103.jpg,59.80,28.56,71.76,43.68,299,168,yes,no,mask
images103.jpg,128.57,20.16,140.53,33.60,299,168,no,no,None
images103.jpg,272.09,26.88,293.02,50.40,299,168,yes,yes,both
images103.jpg,248.17,45.36,272.09,72.24,299,168,yes,no,mask
images103.jpg,68.77,28.56,86.71,52.08,299,168,yes,no,mask
images103.jpg,26.91,18.48,47.84,42.00,299,168,yes,no,mask
images103.jpg,131.56,36.96,149.50,60.48,299,168,yes,no,mask
images103.jpg,212.29,40.32,233.22,60.48,299,168,yes,no,mask
images103.jpg,8.97,31.92,35.88,62.16,299,168,yes,no,mask
images103.jpg,86.71,36.96,113.62,68.88,299,168,yes,no,mask
images103.jpg,35.88,89.04,101.66,161.28,299,168,invisible,yes,helmet
images103.jpg,0.00,79.40,23.04,115.68,299,168,invisible,no,None
images103.jpg,287.04,31.92,299.00,48.72,299,168,invisible,no,None
images103.jpg,161.46,26.88,173.42,43.68,299,168,no,yes,helmet
images104.jpg,0.00,25.85,15.93,41.75,275,183,invisible,no,None
images104.jpg,46.75,3.66,71.50,34.77,275,183,no,no,None
images105.jpg,145.30,64.40,174.60,91.70,259,194,yes,yes,both
images105.jpg,132.09,48.50,147.63,69.84,259,194,no,no,None
images105.jpg,142.45,114.46,170.94,151.32,259,194,no,yes,helmet
images105.jpg,73.10,55.00,90.10,75.80,259,194,yes,yes,both
images105.jpg,227.80,63.27,238.70,74.30,259,194,yes,yes,both
images106.jpg,33.00,21.96,115.50,129.93,275,183,no,yes,helmet
images106.jpg,176.00,9.15,258.50,117.12,275,183,yes,yes,both
images107.jpg,252.00,82.32,276.00,102.48,300,168,no,no,None
images107.jpg,96.00,62.16,111.00,78.96,300,168,invisible,no,None
images107.jpg,144.00,25.20,162.00,45.36,300,168,no,no,None
images107.jpg,180.00,109.00,195.00,122.44,300,168,invisible,no,None
images108.jpg,44.85,38.64,62.79,58.80,299,168,no,no,None
images108.jpg,68.77,65.52,82.30,76.80,299,168,invisible,yes,helmet
images108.jpg,122.59,10.08,152.49,40.32,299,168,yes,yes,both
images108.jpg,8.97,50.40,23.92,67.20,299,168,invisible,yes,helmet
images108.jpg,0.00,84.00,14.95,100.80,299,168,no,no,None
images109.jpg,49.02,15.60,90.30,76.05,258,195,no,yes,helmet
images11.jpg,9.56,46.65,21.92,59.69,309,163,yes,no,mask
images11.jpg,46.35,35.86,61.80,50.53,309,163,invisible,no,None
images11.jpg,169.95,0.00,210.12,35.86,309,163,yes,no,mask
images110.jpg,231.00,40.26,261.25,82.35,275,183,no,yes,helmet
images110.jpg,8.25,32.94,44.00,82.35,275,183,yes,yes,both
images110.jpg,118.25,29.28,159.50,86.01,275,183,no,yes,helmet
images110.jpg,71.50,42.09,104.50,93.33,275,183,no,yes,helmet
images110.jpg,192.50,53.07,217.25,89.67,275,183,yes,yes,both
images110.jpg,55.00,47.58,77.00,80.52,275,183,yes,yes,both
images111.jpg,159.50,96.99,170.50,109.80,275,183,invisible,yes,helmet
images111.jpg,121.00,95.16,140.25,118.95,275,183,no,yes,helmet
images111.jpg,82.50,93.33,93.50,104.31,275,183,invisible,yes,helmet
images112.jpg,80.60,94.54,127.10,141.81,310,163,no,yes,helmet
images112.jpg,232.50,112.47,254.20,138.55,310,163,yes,yes,both
images113.jpg,66.00,5.49,93.50,43.92,275,183,no,yes,helmet
images113.jpg,195.25,14.64,222.75,47.58,275,183,invisible,yes,helmet
images113.jpg,178.75,20.13,198.00,43.92,275,183,no,yes,helmet
images113.jpg,121.00,18.30,145.75,47.58,275,183,invisible,yes,helmet
images114.jpg,19.90,127.98,30.20,135.98,275,183,invisible,yes,helmet
images114.jpg,99.00,104.31,110.00,118.95,275,183,yes,yes,both
images116.jpg,182.97,4.71,266.43,97.34,321,157,no,yes,helmet
images117.jpg,22.26,0.00,155.82,120.84,318,159,yes,no,mask
images118.jpg,162.00,13.44,183.00,37.50,300,168,invisible,no,None
images118.jpg,225.00,23.52,243.00,45.36,300,168,yes,no,mask
images119.jpg,173.25,53.07,184.25,69.54,275,183,invisible,no,None
images119.jpg,218.85,44.35,235.79,62.25,275,183,invisible,yes,helmet
images119.jpg,154.00,47.58,170.50,69.54,275,183,no,yes,helmet
images119.jpg,41.25,53.07,55.00,71.37,275,183,invisible,no,None
images119.jpg,2.75,47.58,16.50,64.05,275,183,no,yes,helmet
images119.jpg,140.25,54.90,154.00,73.20,275,183,invisible,no,None
images119.jpg,181.50,43.92,200.75,65.88,275,183,yes,yes,both
images119.jpg,19.25,51.24,35.75,69.54,275,183,no,no,None
images12.jpg,80.29,116.40,98.42,141.62,259,194,invisible,no,None
images12.jpg,85.47,32.98,93.24,44.62,259,194,invisible,yes,helmet
images12.jpg,103.60,31.04,113.96,44.62,259,194,invisible,yes,helmet
images12.jpg,199.40,29.75,208.40,38.40,259,194,invisible,no,None
images12.jpg,48.18,33.34,61.48,48.54,259,194,no,no,None
images12.jpg,64.71,79.20,76.37,91.97,259,194,invisible,no,None
images120.jpg,65.09,0.00,84.90,16.02,283,178,invisible,no,None
images120.jpg,181.12,37.38,195.27,53.40,283,178,no,no,None
images120.jpg,118.86,35.60,130.18,53.40,283,178,invisible,no,None
images120.jpg,161.31,24.92,178.29,46.28,283,178,yes,yes,both
images120.jpg,76.41,24.92,99.05,51.62,283,178,yes,yes,both
images120.jpg,135.84,10.68,158.48,40.94,283,178,yes,yes,both
images121.jpg,176.41,38.64,197.34,63.84,299,168,yes,yes,both
images122.jpg,161.20,1.62,232.50,71.28,310,162,no,no,None
images123.jpg,249.48,24.45,277.20,55.42,308,163,no,yes,helmet
images123.jpg,190.96,39.12,215.60,66.83,308,163,no,yes,helmet
images124.jpg,240.57,39.10,264.33,71.40,297,170,yes,no,mask
images124.jpg,127.71,117.30,136.62,129.20,297,170,invisible,no,None
images124.jpg,145.53,86.70,157.41,96.90,297,170,invisible,no,None
images124.jpg,178.20,85.00,187.11,96.90,297,170,invisible,no,None
images124.jpg,20.79,1.70,59.40,40.80,297,170,invisible,yes,helmet
images124.jpg,163.35,117.30,172.26,129.20,297,170,invisible,no,None
images124.jpg,115.83,86.70,124.74,98.60,297,170,invisible,no,None
images125.jpg,188.37,43.68,209.30,65.52,299,168,invisible,no,None
images126.jpg,211.75,87.84,225.50,104.31,275,183,invisible,no,None
images126.jpg,55.96,85.95,69.46,95.10,275,183,invisible,no,None
images127.jpg,90.00,63.84,114.00,97.44,300,168,no,yes,helmet
images127.jpg,204.00,3.36,243.00,45.36,300,168,no,yes,helmet
images128.jpg,235.90,32.78,249.38,44.70,337,149,invisible,no,None
images128.jpg,70.77,64.07,90.99,80.46,337,149,no,yes,helmet
images128.jpg,90.99,41.72,117.95,67.05,337,149,yes,yes,both
images128.jpg,161.76,47.68,185.35,70.03,337,149,invisible,yes,helmet
images129.jpg,95.83,162.96,103.60,174.60,259,194,invisible,yes,helmet
images129.jpg,73.71,100.60,78.61,105.01,259,194,invisible,no,None
images129.jpg,147.06,102.90,153.16,108.10,259,194,invisible,no,None
images129.jpg,208.78,163.75,215.07,170.75,259,194,invisible,no,None
images13.jpg,71.50,31.11,93.50,60.39,275,183,no,yes,helmet
images130.jpg,140.98,3.78,226.10,124.74,266,189,no,yes,helmet
images130.jpg,42.56,43.47,133.00,149.31,266,189,no,yes,helmet
images131.jpg,188.69,68.24,192.99,71.84,310,163,invisible,no,None
images131.jpg,257.79,67.64,263.19,72.04,310,163,invisible,no,None
images131.jpg,288.30,66.83,291.40,71.72,310,163,invisible,no,None
images132.jpg,222.58,41.05,226.88,44.75,310,163,invisible,no,None
images132.jpg,242.18,44.65,245.88,47.45,310,163,invisible,no,None
images132.jpg,262.28,42.65,265.68,46.85,310,163,invisible,yes,helmet
images132.jpg,295.48,47.75,299.48,51.35,310,163,invisible,yes,helmet
images132.jpg,222.95,116.68,228.35,124.08,310,163,invisible,no,None
images132.jpg,275.90,99.43,297.60,122.25,310,163,yes,yes,both
images132.jpg,235.60,48.90,241.80,55.42,310,163,invisible,no,None
images133.jpg,164.67,4.90,169.78,10.70,275,183,invisible,yes,helmet
images133.jpg,222.75,142.74,233.75,155.55,275,183,invisible,yes,helmet
images133.jpg,118.25,5.49,123.75,12.81,275,183,invisible,no,None
images133.jpg,198.00,142.74,209.00,155.55,275,183,invisible,yes,helmet
images133.jpg,167.50,56.64,172.68,63.56,275,183,invisible,yes,helmet
images133.jpg,80.51,123.55,88.67,131.35,275,183,invisible,yes,helmet
images134.jpg,123.75,10.98,192.50,95.16,275,183,no,yes,helmet
images135.jpg,5.86,27.52,131.85,158.24,293,172,invisible,yes,helmet
images136.jpg,74.40,50.53,89.90,65.20,310,163,invisible,no,None
images137.jpg,44.32,74.62,77.56,105.56,277,182,no,yes,helmet
images138.jpg,165.00,56.73,187.00,86.01,275,183,yes,yes,both
images138.jpg,27.50,51.24,35.75,62.22,275,183,invisible,yes,helmet
images138.jpg,44.00,53.07,55.00,67.71,275,183,yes,no,mask
images138.jpg,209.60,93.40,264.20,128.80,275,183,yes,yes,both
images139.jpg,101.79,7.15,129.87,27.17,351,143,yes,no,mask
images139.jpg,166.61,13.76,179.35,29.96,351,143,invisible,no,None
images139.jpg,203.58,1.43,231.66,27.17,351,143,yes,no,mask
images14.jpg,141.51,1.89,205.59,90.72,267,189,yes,no,mask
images140.jpg,153.00,129.36,162.00,142.80,300,168,invisible,no,None
images140.jpg,180.00,21.84,210.00,60.48,300,168,no,no,None
images140.jpg,78.00,21.84,108.00,62.16,300,168,no,yes,helmet
images140.jpg,123.00,25.20,150.00,60.48,300,168,yes,no,mask
images140.jpg,201.00,25.20,225.00,57.12,300,168,yes,no,mask
images141.jpg,9.70,111.37,19.40,124.32,194,259,yes,no,mask
images141.jpg,106.70,75.11,188.18,186.48,194,259,yes,no,mask
images141.jpg,73.72,93.24,110.58,139.86,194,259,no,no,None
images142.jpg,181.04,1.73,221.92,53.63,292,173,no,yes,helmet
images143.jpg,101.84,20.68,139.36,67.68,268,188,invisible,yes,helmet
images143.jpg,238.52,150.40,243.88,157.92,268,188,invisible,no,None
images144.jpg,107.25,25.62,145.75,69.54,275,183,no,no,None
images144.jpg,176.00,9.15,209.00,47.58,275,183,no,yes,helmet
images144.jpg,159.50,25.62,192.50,64.05,275,183,invisible,yes,helmet
images145.jpg,126.50,73.20,145.75,98.82,275,183,no,no,None
images145.jpg,8.25,86.01,16.50,95.16,275,183,invisible,yes,helmet
images145.jpg,90.75,82.35,101.75,98.82,275,183,invisible,no,None
images145.jpg,45.24,89.57,50.64,95.67,275,183,invisible,yes,helmet
images146.jpg,117.12,102.10,123.12,107.51,258,195,invisible,no,None
images146.jpg,165.12,27.30,216.72,101.40,258,195,invisible,yes,helmet
images146.jpg,92.88,95.55,105.78,111.15,258,195,no,yes,helmet
images147.jpg,129.50,3.88,168.35,54.32,259,194,yes,yes,both
images147.jpg,224.48,83.16,229.78,86.36,259,194,invisible,no,None
images148.jpg,70.20,16.96,175.60,111.10,238,212,invisible,no,None
images149.jpg,149.42,62.09,170.15,83.80,300,168,invisible,yes,helmet
images149.jpg,75.00,6.72,114.00,53.76,300,168,no,yes,helmet
images149.jpg,136.49,43.59,153.39,69.50,300,168,invisible,yes,helmet
images149.jpg,166.90,61.51,179.61,79.40,300,168,invisible,yes,helmet
images149.jpg,111.00,42.00,141.00,73.92,300,168,no,yes,helmet
images149.jpg,162.00,52.08,171.00,63.84,300,168,invisible,no,None
images15.jpg,242.19,37.18,254.15,49.01,299,169,invisible,yes,helmet
images15.jpg,272.09,27.04,299.00,60.84,299,169,yes,no,mask
images15.jpg,122.59,35.49,137.54,52.39,299,169,invisible,yes,helmet
images15.jpg,197.43,43.96,203.83,49.26,299,169,invisible,yes,helmet
images15.jpg,14.95,35.49,32.89,54.08,299,169,yes,no,mask
images150.jpg,126.50,21.96,151.25,54.90,275,183,yes,yes,both
images150.jpg,24.75,38.43,44.00,65.88,275,183,yes,yes,both
images151.jpg,133.00,80.00,150.20,98.10,275,183,yes,yes,both
images152.jpg,24.75,54.90,41.25,75.03,275,183,invisible,no,None
images152.jpg,44.00,47.58,66.00,76.86,275,183,invisible,yes,helmet
images153.jpg,36.96,26.24,58.52,50.84,308,164,invisible,no,None
images153.jpg,138.60,36.08,150.92,50.84,308,164,invisible,no,None
images153.jpg,209.44,34.44,224.84,54.12,308,164,yes,yes,both
images154.jpg,151.25,0.00,272.25,148.23,275,183,no,no,None
images155.jpg,184.44,25.44,206.70,49.29,318,159,no,yes,helmet
images156.jpg,205.26,100.44,227.03,123.12,311,162,no,yes,helmet
images156.jpg,177.27,100.44,199.04,124.74,311,162,yes,no,mask
images156.jpg,149.28,90.72,177.27,118.26,311,162,no,yes,helmet
images157.jpg,69.50,5.43,133.44,81.45,278,181,yes,yes,both
images157.jpg,33.36,54.30,66.72,88.69,278,181,no,yes,helmet
images157.jpg,152.90,30.77,191.82,83.26,278,181,yes,no,mask
images157.jpg,186.26,52.49,211.28,86.88,278,181,yes,no,mask
images159.jpg,194.35,20.16,236.21,67.20,299,168,yes,yes,both
images16.jpg,193.50,134.70,201.20,142.40,284,177,yes,yes,both
images16.jpg,54.66,90.34,58.86,93.94,284,177,invisible,yes,helmet
images16.jpg,172.55,47.89,177.15,53.09,284,177,invisible,yes,helmet
images16.jpg,99.00,37.37,102.50,41.47,284,177,invisible,yes,helmet
images16.jpg,257.83,87.59,261.83,92.79,284,177,invisible,yes,helmet
images16.jpg,139.16,155.76,144.84,161.07,284,177,invisible,yes,helmet
images16.jpg,206.70,164.80,215.30,173.70,284,177,yes,yes,both
images16.jpg,204.10,134.50,212.30,144.30,284,177,yes,yes,both
images160.jpg,46.64,94.13,52.25,98.45,275,183,invisible,yes,helmet
images160.jpg,258.50,109.80,264.00,117.12,275,183,invisible,yes,helmet
images160.jpg,76.65,102.60,81.80,107.69,275,183,invisible,yes,helmet
images160.jpg,176.00,100.65,181.50,109.80,275,183,invisible,no,None
images160.jpg,143.00,100.65,151.25,111.63,275,183,invisible,no,None
images160.jpg,220.00,106.14,225.50,115.29,275,183,invisible,yes,helmet
images160.jpg,160.15,103.82,166.15,110.12,275,183,invisible,yes,helmet
images160.jpg,90.75,98.82,99.00,107.97,275,183,invisible,yes,helmet
images160.jpg,206.25,106.14,212.80,113.46,275,183,invisible,yes,helmet
images161.jpg,65.10,12.96,83.70,32.40,310,162,invisible,yes,helmet
images161.jpg,145.70,8.10,167.40,30.78,310,162,invisible,no,None
images162.jpg,74.75,8.40,110.63,50.40,299,168,no,yes,helmet
images163.jpg,164.61,28.96,181.35,50.68,279,181,no,no,None
images163.jpg,69.75,3.62,92.07,28.96,279,181,no,no,None
images164.jpg,131.71,71.60,171.81,110.70,274,184,yes,yes,both
images164.jpg,68.34,73.80,88.74,93.50,274,184,yes,yes,both
images165.jpg,198.80,67.26,258.44,129.21,284,177,yes,yes,both
images166.jpg,0.00,29.37,16.81,86.17,300,168,no,no,None
images166.jpg,207.00,33.60,261.00,90.72,300,168,no,no,None
images166.jpg,78.00,3.36,138.00,72.24,300,168,no,no,None
images166.jpg,111.00,6.72,168.00,82.32,300,168,no,no,None
images167.jpg,109.17,22.40,126.82,47.49,275,183,yes,yes,both
images167.jpg,262.00,0.46,275.00,15.04,275,183,invisible,yes,helmet
images167.jpg,222.28,8.31,233.19,19.45,275,183,invisible,yes,helmet
images167.jpg,25.69,24.85,33.27,34.04,275,183,invisible,yes,helmet
images167.jpg,46.75,23.79,57.75,36.60,275,183,invisible,no,None
images167.jpg,126.50,12.81,151.25,42.09,275,183,invisible,yes,helmet
images167.jpg,156.75,27.45,181.50,58.56,275,183,yes,yes,both
images167.jpg,198.00,21.96,228.25,60.39,275,183,yes,yes,both
images167.jpg,68.06,25.19,81.07,37.96,275,183,invisible,yes,helmet
images167.jpg,75.26,34.94,89.20,51.67,275,183,invisible,yes,helmet
images167.jpg,94.77,32.16,109.64,51.20,275,183,invisible,yes,helmet
images168.jpg,287.04,48.72,293.02,55.44,299,168,invisible,no,None
images168.jpg,66.20,26.10,102.80,71.89,299,168,yes,yes,both
images168.jpg,188.37,18.48,212.29,42.00,299,168,invisible,yes,helmet
images17.jpg,139.49,91.52,144.19,95.72,294,171,invisible,yes,helmet
images17.jpg,65.96,89.87,70.16,93.47,294,171,invisible,yes,helmet
images17.jpg,275.87,149.67,280.77,154.67,294,171,invisible,yes,helmet
images17.jpg,88.20,152.19,97.02,162.45,294,171,invisible,yes,helmet
images17.jpg,199.92,152.19,208.74,160.74,294,171,invisible,yes,helmet
images170.jpg,174.00,26.88,219.00,80.64,300,168,yes,yes,both
images172.jpg,223.20,73.35,232.50,83.13,310,163,invisible,no,None
images172.jpg,161.20,81.50,179.80,99.43,310,163,invisible,no,None
images172.jpg,207.70,71.72,223.20,89.65,310,163,invisible,yes,helmet
images172.jpg,241.80,78.24,260.40,99.43,310,163,invisible,yes,helmet
images173.jpg,19.88,28.32,39.76,51.33,284,177,no,yes,helmet
images173.jpg,65.32,54.87,73.84,65.49,284,177,invisible,no,None
images173.jpg,207.32,33.63,227.20,54.87,284,177,yes,yes,both
images173.jpg,105.08,28.32,116.44,42.48,284,177,invisible,no,None
images174.jpg,183.52,98.60,195.36,115.60,296,170,yes,yes,both
images174.jpg,29.60,62.90,47.36,79.90,296,170,yes,yes,both
images174.jpg,227.92,64.60,239.76,78.20,296,170,yes,no,mask
images174.jpg,251.60,71.40,263.44,85.00,296,170,no,no,None
images174.jpg,210.16,74.80,224.96,91.80,296,170,yes,yes,both
images174.jpg,156.88,95.20,171.68,112.20,296,170,yes,yes,both
images174.jpg,74.00,102.00,88.80,119.00,296,170,yes,yes,both
images174.jpg,103.60,98.60,115.44,113.90,296,170,yes,yes,both
images174.jpg,136.16,96.90,148.00,112.20,296,170,yes,no,mask
images175.jpg,44.00,102.48,99.00,175.68,275,183,yes,no,mask
images175.jpg,104.50,51.24,184.25,142.74,275,183,yes,no,mask
images176.jpg,111.00,8.40,156.00,53.76,300,168,no,yes,helmet
images176.jpg,21.00,40.32,156.00,183.12,300,168,no,no,None
images177.jpg,170.90,48.40,200.00,77.00,299,168,yes,yes,both
images177.jpg,105.78,131.88,111.83,138.66,299,168,invisible,no,None
images177.jpg,109.11,115.83,115.16,121.14,299,168,invisible,no,None
images178.jpg,189.00,15.12,234.00,63.84,300,168,yes,no,mask
images179.jpg,128.09,63.09,133.99,69.09,272,185,invisible,yes,helmet
images179.jpg,157.13,15.72,161.43,20.32,272,185,invisible,yes,helmet
images179.jpg,181.09,127.70,186.49,134.30,272,185,invisible,yes,helmet
images179.jpg,171.66,116.46,177.66,121.00,272,185,invisible,yes,helmet
images179.jpg,156.03,91.52,161.92,96.92,272,185,invisible,yes,helmet
images179.jpg,224.73,55.64,231.13,61.24,272,185,invisible,yes,helmet
images179.jpg,144.89,54.20,150.09,60.10,272,185,invisible,yes,helmet
images179.jpg,87.04,138.75,97.92,153.55,272,185,invisible,no,None
images18.jpg,148.50,18.30,178.75,58.56,275,183,no,yes,helmet
images18.jpg,93.50,23.79,121.00,62.22,275,183,no,yes,helmet
images18.jpg,176.00,25.62,198.00,53.07,275,183,invisible,no,None
images180.jpg,112.75,65.88,129.25,87.84,275,183,yes,no,mask
images180.jpg,19.25,54.90,49.50,96.99,275,183,no,yes,helmet
images180.jpg,154.00,67.71,165.00,86.01,275,183,yes,yes,both
images180.jpg,187.00,73.20,198.00,91.50,275,183,yes,yes,both
images180.jpg,74.25,73.20,85.25,89.67,275,183,yes,yes,both
images180.jpg,-0.00,40.26,33.00,106.14,275,183,invisible,yes,helmet
images180.jpg,255.75,73.20,275.00,104.31,275,183,yes,yes,both
images180.jpg,242.00,60.39,258.50,84.18,275,183,yes,yes,both
images180.jpg,217.25,71.37,233.75,93.33,275,183,yes,yes,both
images180.jpg,167.75,60.39,187.00,89.67,275,183,yes,no,mask
images180.jpg,134.75,65.88,154.00,89.67,275,183,yes,no,mask
images180.jpg,96.25,62.22,115.50,89.67,275,183,yes,no,mask
images181.jpg,176.88,74.49,190.08,95.50,264,191,no,yes,helmet
images182.jpg,189.00,63.84,213.00,89.04,300,168,invisible,yes,helmet
images182.jpg,78.00,95.76,99.00,119.28,300,168,yes,yes,both
images182.jpg,123.00,13.44,177.00,89.04,300,168,yes,yes,both
images182.jpg,51.00,80.64,66.00,100.80,300,168,yes,no,mask
images183.jpg,139.16,56.64,153.36,72.57,284,177,no,no,None
images183.jpg,62.48,60.18,79.52,77.88,284,177,invisible,yes,helmet
images184.jpg,200.89,119.07,209.99,127.47,263,192,invisible,yes,helmet
images184.jpg,248.99,115.77,258.79,124.17,263,192,invisible,yes,helmet
images184.jpg,228.39,110.57,236.59,118.77,263,192,invisible,yes,helmet
images184.jpg,57.67,118.83,67.27,128.63,263,192,invisible,yes,helmet
images184.jpg,128.87,119.04,139.39,130.56,263,192,invisible,yes,helmet
images184.jpg,147.28,107.52,152.54,117.12,263,192,invisible,yes,helmet
images184.jpg,99.94,122.88,105.20,132.48,263,192,no,yes,helmet
images185.jpg,165.76,36.86,199.43,85.36,259,194,invisible,yes,helmet
images187.jpg,57.78,72.85,74.90,94.00,214,235,invisible,no,None
images188.jpg,158.47,20.16,176.41,40.32,299,168,invisible,no,None
images188.jpg,41.10,121.00,65.10,150.00,299,168,yes,yes,both
images189.jpg,74.25,21.96,79.75,32.94,275,183,invisible,no,None
images189.jpg,68.75,56.73,77.00,67.71,275,183,invisible,no,None
images189.jpg,132.00,58.56,143.00,73.20,275,183,yes,yes,both
images189.jpg,77.00,58.56,90.75,75.03,275,183,no,yes,helmet
images189.jpg,258.50,34.77,275.00,60.39,275,183,no,yes,helmet
images189.jpg,118.25,58.56,129.25,73.20,275,183,invisible,yes,helmet
images189.jpg,159.50,38.43,178.75,60.39,275,183,no,yes,helmet
images189.jpg,184.25,29.28,206.25,54.90,275,183,no,yes,helmet
images189.jpg,16.50,51.24,30.25,69.54,275,183,invisible,yes,helmet
images189.jpg,96.25,56.73,104.50,71.37,275,183,invisible,yes,helmet
images189.jpg,46.75,69.54,79.75,107.97,275,183,no,yes,helmet
images189.jpg,222.75,31.11,250.25,62.22,275,183,no,yes,helmet
images19.jpg,48.00,62.16,129.00,157.92,300,168,no,yes,helmet
images19.jpg,132.00,3.36,231.00,120.96,300,168,no,yes,helmet
images190.jpg,153.36,40.71,224.36,130.98,284,177,no,yes,helmet
images190.jpg,65.32,31.86,119.28,99.12,284,177,no,yes,helmet
images191.jpg,129.25,111.63,140.25,126.27,275,183,invisible,yes,helmet
images191.jpg,182.95,83.31,194.70,93.61,275,183,invisible,yes,helmet
images191.jpg,49.50,122.61,74.25,155.55,275,183,invisible,yes,helmet
images191.jpg,31.40,133.00,40.00,142.50,275,183,yes,yes,both
images192.jpg,119.59,60.09,138.15,79.40,282,179,invisible,yes,helmet
images192.jpg,101.52,51.91,124.08,76.97,282,179,no,yes,helmet
images192.jpg,19.74,44.75,36.66,64.44,282,179,yes,yes,both
images192.jpg,163.56,53.70,183.30,76.97,282,179,yes,yes,both
images192.jpg,219.96,53.70,242.52,84.13,282,179,no,yes,helmet
images192.jpg,52.02,45.15,70.79,64.24,282,179,yes,yes,both
images193.jpg,126.50,47.58,165.00,100.65,275,183,yes,yes,both
images193.jpg,37.60,46.19,43.36,50.89,275,183,invisible,no,None
images193.jpg,26.66,52.09,31.16,55.99,275,183,invisible,no,None
images194.jpg,117.92,13.98,142.62,43.00,257,196,invisible,yes,helmet
images194.jpg,30.84,27.44,48.83,52.92,257,196,no,yes,helmet
images194.jpg,58.40,15.60,92.52,58.80,257,196,invisible,yes,helmet
images194.jpg,45.14,35.20,63.13,60.35,257,196,invisible,yes,helmet
images194.jpg,141.50,19.70,172.19,58.20,257,196,invisible,yes,helmet
images194.jpg,89.95,25.60,114.60,59.10,257,196,no,yes,helmet
images195.jpg,150.00,8.40,192.00,58.80,300,168,no,yes,helmet
images196.jpg,143.52,1.68,176.41,40.32,299,168,no,yes,helmet
images197.jpg,129.00,16.80,150.00,38.64,300,168,invisible,no,None
images197.jpg,30.00,10.08,51.00,38.64,300,168,invisible,no,None
images197.jpg,221.20,41.36,239.70,61.52,300,168,no,yes,helmet
images197.jpg,45.00,11.76,63.00,36.96,300,168,invisible,yes,helmet
images197.jpg,99.00,10.08,120.00,33.60,300,168,no,yes,helmet
images199.jpg,45.00,53.76,78.00,94.08,300,168,no,yes,helmet
images2.jpg,90.00,31.92,120.00,63.84,300,168,invisible,yes,helmet
images20.jpg,230.23,30.24,296.01,119.28,299,168,no,yes,helmet
images20.jpg,170.43,5.04,239.20,94.08,299,168,no,yes,helmet
images20.jpg,8.97,105.84,29.90,129.36,299,168,invisible,no,None
images200.jpg,56.00,5.40,100.80,55.80,280,180,no,yes,helmet
images201.jpg,163.20,62.90,174.08,77.70,272,185,invisible,no,None
images201.jpg,109.74,46.90,115.14,52.00,272,185,yes,yes,both
images201.jpg,35.36,55.50,43.52,66.60,272,185,invisible,yes,helmet
images201.jpg,95.20,68.45,100.64,75.85,272,185,invisible,no,None
images201.jpg,130.56,55.50,141.44,70.30,272,185,invisible,yes,helmet
images201.jpg,68.00,57.35,84.32,81.40,272,185,yes,yes,both
images202.jpg,76.44,10.26,108.78,46.17,294,171,yes,no,mask
images203.jpg,64.75,15.60,126.91,95.55,259,195,no,no,None
images203.jpg,132.09,60.45,202.02,154.05,259,195,no,no,None
images204.jpg,73.80,12.30,153.75,103.32,205,246,no,yes,helmet
images205.jpg,178.08,90.63,216.24,138.33,318,159,yes,yes,both
images206.jpg,238.56,23.01,261.28,54.87,284,177,no,no,None
images206.jpg,147.68,26.55,176.08,61.95,284,177,no,yes,helmet
images206.jpg,88.04,21.24,119.28,63.72,284,177,yes,yes,both
images207.jpg,97.89,18.09,148.09,88.44,251,201,no,no,None
images209.jpg,192.96,0.00,259.96,75.20,268,188,no,no,None
images21.jpg,64.02,15.54,114.46,75.11,194,259,yes,yes,both
images210.jpg,116.55,17.46,196.84,129.98,259,194,no,no,None
images211.jpg,253.92,107.97,276.00,133.59,276,183,invisible,no,None
images211.jpg,179.40,111.30,201.48,141.40,276,183,no,no,None
images211.jpg,140.76,3.66,193.20,76.86,276,183,no,yes,helmet
images212.jpg,123.00,31.92,153.00,72.24,300,168,no,no,None
images212.jpg,267.00,43.68,300.00,84.00,300,168,no,yes,helmet
images212.jpg,39.00,6.72,78.00,57.12,300,168,no,yes,helmet
images212.jpg,204.00,35.28,243.00,82.32,300,168,no,yes,helmet
images212.jpg,75.00,42.00,102.00,75.60,300,168,no,no,None
images212.jpg,153.00,52.08,174.00,77.28,300,168,invisible,yes,helmet
images213.jpg,196.02,45.90,225.72,71.40,297,170,invisible,yes,helmet
images214.jpg,242.88,94.64,253.92,107.38,276,182,invisible,yes,helmet
images214.jpg,85.56,78.26,102.12,100.10,276,182,no,yes,helmet
images215.jpg,198.99,0.00,240.57,45.90,297,170,yes,no,mask
images215.jpg,53.46,0.00,89.10,35.70,297,170,yes,no,mask
images216.jpg,82.68,1.59,108.12,30.21,318,159,no,yes,helmet
images216.jpg,174.90,79.50,190.80,92.22,318,159,no,no,None
images217.jpg,2.80,-0.00,33.60,37.80,280,180,no,no,None
images217.jpg,117.60,0.00,151.20,39.60,280,180,no,yes,helmet
images218.jpg,135.00,10.08,183.00,73.92,300,168,no,yes,helmet
images219.jpg,109.47,37.80,133.50,68.04,267,189,no,yes,helmet
images219.jpg,186.90,34.02,248.31,111.51,267,189,yes,yes,both
images220.jpg,95.86,96.47,118.44,123.41,275,183,invisible,yes,helmet
images220.jpg,176.04,85.37,198.33,114.63,275,183,invisible,yes,helmet
images220.jpg,93.50,85.61,114.17,104.40,275,183,invisible,yes,helmet
images220.jpg,35.98,81.57,44.27,89.30,275,183,invisible,no,None
images221.jpg,123.75,43.92,145.75,69.54,275,183,invisible,no,None
images222.jpg,88.87,141.01,97.17,149.61,273,184,invisible,no,None
images223.jpg,37.44,0.00,124.80,74.52,312,162,no,yes,helmet
images224.jpg,81.00,99.12,99.00,117.60,300,168,invisible,no,None
images224.jpg,141.00,31.92,162.00,55.44,300,168,invisible,yes,helmet
images225.jpg,76.32,81.09,92.22,96.99,318,159,invisible,yes,helmet
images226.jpg,243.00,43.68,273.00,77.28,300,168,no,yes,helmet
images226.jpg,87.00,52.08,105.00,73.92,300,168,invisible,yes,helmet
images226.jpg,111.00,40.32,147.00,80.64,300,168,yes,yes,both
images226.jpg,177.00,13.44,219.00,55.44,300,168,no,yes,helmet
images226.jpg,219.00,42.00,237.00,60.48,300,168,invisible,no,None
images226.jpg,42.00,43.68,69.00,72.24,300,168,yes,no,mask
images227.jpg,40.60,26.10,55.10,45.24,290,174,invisible,yes,helmet
images227.jpg,81.20,36.54,89.90,50.46,290,174,invisible,yes,helmet
images227.jpg,101.50,45.24,118.90,66.12,290,174,invisible,yes,helmet
images227.jpg,29.00,34.80,43.50,52.20,290,174,yes,yes,both
images227.jpg,52.20,33.06,66.70,50.46,290,174,invisible,yes,helmet
images228.jpg,76.38,62.75,120.60,120.48,201,251,yes,yes,both
images228.jpg,-0.00,72.79,40.20,135.54,201,251,yes,yes,both
images228.jpg,112.56,40.16,182.91,122.99,201,251,yes,yes,both
images229.jpg,94.32,71.04,117.90,103.68,262,192,yes,yes,both
images23.jpg,200.10,90.48,217.50,107.88,290,174,invisible,no,None
images230.jpg,272.29,59.12,294.79,76.60,300,168,invisible,yes,helmet
images230.jpg,81.00,42.00,108.00,68.88,300,168,yes,yes,both
images230.jpg,189.00,65.52,210.00,89.04,300,168,no,yes,helmet
images231.jpg,219.12,22.92,245.52,55.39,264,191,invisible,yes,helmet
images231.jpg,66.00,21.01,95.04,59.21,264,191,yes,yes,both
images233.jpg,149.28,76.14,167.94,95.58,311,162,no,no,None
images233.jpg,90.19,30.78,121.29,64.80,311,162,no,yes,helmet
images233.jpg,223.92,100.44,239.47,116.64,311,162,invisible,yes,helmet
images233.jpg,192.82,111.78,205.26,126.36,311,162,invisible,no,None
images233.jpg,115.08,104.60,125.76,121.60,311,162,no,yes,helmet
images234.jpg,39.00,78.96,60.00,100.80,300,168,invisible,no,None
images234.jpg,75.00,92.40,102.00,122.64,300,168,invisible,no,None
images234.jpg,120.00,73.92,132.00,87.36,300,168,invisible,no,None
images234.jpg,138.00,73.92,153.00,90.72,300,168,invisible,no,None
images234.jpg,6.00,82.32,39.00,115.92,300,168,invisible,no,None
images234.jpg,138.00,45.36,150.00,57.12,300,168,invisible,no,None
images234.jpg,99.00,65.52,111.00,78.96,300,168,no,no,None
images234.jpg,273.00,89.04,300.00,134.40,300,168,invisible,no,None
images234.jpg,153.00,73.92,171.00,95.76,300,168,no,no,None
images234.jpg,213.00,95.76,240.00,124.32,300,168,no,no,None
images234.jpg,204.00,70.56,228.00,97.44,300,168,invisible,no,None
images237.jpg,231.00,11.76,258.00,40.32,300,168,yes,yes,both
images24.jpg,51.33,85.50,106.20,156.75,177,285,no,yes,helmet
images240.jpg,66.00,105.84,72.00,112.56,300,168,invisible,no,None
images240.jpg,12.00,92.40,24.00,107.52,300,168,invisible,no,None
images240.jpg,36.00,97.44,48.00,109.20,300,168,invisible,no,None
images240.jpg,72.00,102.48,78.00,110.88,300,168,invisible,yes,helmet
images240.jpg,102.00,99.12,111.00,109.20,300,168,invisible,no,None
images240.jpg,87.00,95.76,99.00,107.52,300,168,invisible,no,None
images240.jpg,51.00,104.16,57.00,112.56,300,168,invisible,no,None
images241.jpg,177.00,0.00,225.00,55.44,300,168,yes,yes,both
images242.jpg,218.30,4.08,251.60,32.64,370,136,no,yes,helmet
images242.jpg,177.60,2.72,210.90,32.64,370,136,no,yes,helmet
images244.jpg,57.00,18.48,99.00,75.60,300,168,yes,yes,both
images244.jpg,198.00,31.92,246.00,82.32,300,168,yes,yes,both
images245.jpg,35.49,0.00,111.93,97.52,273,184,yes,yes,both
images246.jpg,159.50,98.82,173.25,117.12,275,183,yes,no,mask
images247.jpg,28.35,56.07,43.47,72.09,189,267,yes,no,mask
images247.jpg,81.27,64.08,90.72,74.76,189,267,invisible,yes,helmet
images247.jpg,15.12,53.40,28.35,72.09,189,267,yes,no,mask
images248.jpg,190.80,77.91,200.34,87.45,318,159,invisible,no,None
images248.jpg,219.42,76.32,235.32,90.63,318,159,no,yes,helmet
images248.jpg,178.08,77.91,187.62,87.45,318,159,invisible,yes,helmet
images248.jpg,244.86,82.68,254.40,93.81,318,159,invisible,yes,helmet
images248.jpg,144.30,54.38,154.52,66.10,318,159,invisible,yes,helmet
images249.jpg,49.50,62.22,79.75,95.16,275,183,invisible,yes,helmet
images249.jpg,222.75,80.52,244.75,106.14,275,183,invisible,yes,helmet
images249.jpg,173.25,67.71,184.25,84.18,275,183,invisible,no,None
images25.jpg,78.00,114.24,87.00,122.64,300,168,invisible,no,None
images25.jpg,180.00,3.36,225.00,57.12,300,168,yes,yes,both
images250.jpg,133.96,20.48,145.78,31.80,394,128,invisible,no,None
images250.jpg,185.18,26.88,208.82,42.24,394,128,invisible,no,None
images250.jpg,232.46,37.12,244.28,47.36,394,128,invisible,no,None
images250.jpg,283.68,26.88,299.44,38.40,394,128,invisible,no,None
images250.jpg,260.04,43.52,279.74,56.32,394,128,invisible,no,None
images250.jpg,23.48,0.00,54.90,23.38,394,128,invisible,no,None
images250.jpg,311.26,33.28,319.14,38.40,394,128,invisible,no,None
images250.jpg,78.59,7.52,89.32,21.47,394,128,invisible,no,None
images250.jpg,219.49,36.13,227.54,46.33,394,128,invisible,no,None
images251.jpg,126.84,127.89,135.24,136.39,275,183,invisible,yes,helmet
images251.jpg,227.06,115.11,234.11,122.99,275,183,invisible,yes,helmet
images251.jpg,217.52,139.16,229.55,148.28,275,183,invisible,yes,helmet
images251.jpg,162.40,111.76,170.10,118.66,275,183,invisible,yes,helmet
images251.jpg,142.40,110.66,149.80,116.66,275,183,invisible,yes,helmet
images251.jpg,125.10,96.83,129.54,100.31,275,183,invisible,no,None
images251.jpg,96.34,111.62,102.44,117.22,275,183,invisible,yes,helmet
images251.jpg,79.57,124.44,85.73,130.83,275,183,invisible,yes,helmet
images251.jpg,10.02,118.17,16.40,124.44,275,183,invisible,yes,helmet
images251.jpg,192.50,106.14,198.00,115.29,275,183,invisible,yes,helmet
images251.jpg,134.75,93.33,140.25,100.65,275,183,invisible,no,None
images251.jpg,255.75,111.63,264.00,120.78,275,183,invisible,yes,helmet
images252.jpg,57.75,122.61,79.75,146.40,275,183,no,no,None
images252.jpg,132.00,23.79,181.50,91.50,275,183,yes,yes,both
images252.jpg,255.75,104.31,275.00,139.08,275,183,no,no,None
images253.jpg,8.44,14.65,15.14,22.70,275,183,invisible,no,None
images253.jpg,156.75,25.62,181.50,60.39,275,183,yes,yes,both
images253.jpg,60.50,0.00,104.50,43.92,275,183,no,yes,helmet
images253.jpg,32.59,17.81,38.69,24.01,275,183,invisible,yes,helmet
images254.jpg,57.00,4.50,108.00,66.00,300,150,yes,yes,both
images255.jpg,141.00,8.40,153.00,23.52,300,168,invisible,yes,helmet
images255.jpg,126.00,40.32,138.00,52.08,300,168,invisible,yes,helmet
images255.jpg,211.17,74.59,230.87,97.19,300,168,invisible,yes,helmet
images255.jpg,199.88,52.26,214.40,70.75,300,168,invisible,yes,helmet
images255.jpg,197.81,26.86,211.12,44.14,300,168,invisible,yes,helmet
images255.jpg,193.02,17.62,202.38,28.90,300,168,invisible,yes,helmet
images255.jpg,167.54,28.87,177.34,43.77,300,168,invisible,yes,helmet
images255.jpg,105.65,64.81,119.21,84.49,300,168,invisible,yes,helmet
images255.jpg,82.49,48.25,95.69,65.05,300,168,invisible,yes,helmet
images256.jpg,126.50,42.09,148.50,67.71,275,183,invisible,yes,helmet
images258.jpg,142.56,1.70,193.05,62.90,297,170,invisible,yes,helmet
images260.jpg,47.84,35.28,74.75,65.52,299,168,yes,no,mask
images260.jpg,206.31,11.76,233.22,43.68,299,168,yes,yes,both
images261.jpg,189.07,31.04,214.97,65.96,259,194,invisible,yes,helmet
images261.jpg,108.78,60.14,132.09,93.12,259,194,yes,yes,both
images261.jpg,151.80,38.80,173.53,67.90,259,194,no,yes,helmet
images261.jpg,45.54,19.94,71.81,45.58,259,194,invisible,yes,helmet
images261.jpg,106.19,100.88,147.63,149.38,259,194,invisible,no,None
images261.jpg,111.61,25.27,130.49,46.81,259,194,invisible,yes,helmet
images261.jpg,80.07,54.81,101.00,78.70,259,194,invisible,yes,helmet
images262.jpg,222.75,16.47,247.50,54.90,275,183,yes,no,mask
images262.jpg,145.75,45.75,154.00,56.73,275,183,invisible,no,None
images262.jpg,112.75,49.41,126.50,64.05,275,183,invisible,no,None
images262.jpg,44.00,64.05,55.00,80.52,275,183,yes,no,mask
images262.jpg,96.25,45.75,107.25,58.56,275,183,invisible,no,None
images262.jpg,99.09,53.99,114.41,71.41,275,183,invisible,no,None
images263.jpg,149.99,37.38,192.44,89.00,283,178,invisible,yes,helmet
images263.jpg,203.76,14.24,285.83,113.92,283,178,no,yes,helmet
images264.jpg,128.14,60.84,154.96,94.64,298,169,no,no,None
images265.jpg,108.42,12.67,150.12,65.16,278,181,yes,no,mask
images266.jpg,36.12,0.00,66.22,28.39,301,167,yes,no,mask
images266.jpg,80.01,121.59,113.12,160.00,301,167,no,yes,helmet
images266.jpg,83.45,23.63,114.89,54.46,301,167,invisible,no,None
images267.jpg,75.00,73.92,105.00,107.52,300,168,invisible,no,None
images267.jpg,120.56,89.74,130.87,104.84,300,168,invisible,yes,helmet
images267.jpg,24.00,26.88,105.00,107.52,300,168,yes,yes,both
images267.jpg,99.00,78.96,123.00,104.16,300,168,no,yes,helmet
images269.jpg,68.64,7.64,187.44,168.08,264,191,yes,no,mask
images27.jpg,133.62,24.96,162.44,65.28,262,192,no,no,None
images270.jpg,57.19,68.47,81.27,95.19,301,167,invisible,yes,helmet
images270.jpg,210.70,58.45,231.77,78.49,301,167,invisible,yes,helmet
images270.jpg,246.82,65.13,273.91,91.85,301,167,invisible,yes,helmet
images271.jpg,73.51,100.34,81.91,108.80,275,183,invisible,yes,helmet
images271.jpg,60.50,113.46,71.50,126.27,275,183,invisible,yes,helmet
images271.jpg,120.69,99.73,129.09,109.13,275,183,invisible,yes,helmet
images271.jpg,33.56,96.25,43.96,105.85,275,183,invisible,yes,helmet
images271.jpg,194.15,109.31,202.45,118.31,275,183,invisible,yes,helmet
images272.jpg,16.44,71.76,30.14,86.48,274,184,invisible,yes,helmet
images272.jpg,87.68,80.96,98.64,93.84,274,184,yes,yes,both
images272.jpg,202.76,18.40,227.42,47.84,274,184,no,yes,helmet
images272.jpg,32.88,79.12,43.84,93.84,274,184,no,yes,helmet
images272.jpg,177.10,111.55,183.30,117.15,274,184,yes,yes,both
images272.jpg,153.44,97.52,158.92,104.88,274,184,invisible,yes,helmet
images274.jpg,118.25,34.77,145.75,71.37,275,183,invisible,yes,helmet
images275.jpg,78.79,90.03,83.19,95.13,299,168,invisible,no,None
images275.jpg,200.97,104.53,207.97,113.20,299,168,invisible,yes,helmet
images275.jpg,236.21,52.08,266.11,90.72,299,168,yes,yes,both
images275.jpg,125.58,28.56,170.43,77.28,299,168,yes,yes,both
images275.jpg,56.16,90.10,61.81,94.93,299,168,invisible,no,None
images276.jpg,107.25,67.71,126.50,93.33,275,183,yes,no,mask
images276.jpg,95.34,142.40,101.06,151.13,275,183,yes,yes,both
images279.jpg,188.37,15.12,209.30,40.32,299,168,invisible,yes,helmet
images279.jpg,113.62,3.36,137.54,33.60,299,168,yes,no,mask
images28.jpg,208.37,1.62,270.57,68.04,311,162,yes,no,mask
images28.jpg,9.33,1.62,71.53,66.42,311,162,no,yes,helmet
images28.jpg,87.08,35.64,149.28,103.68,311,162,invisible,yes,helmet
images280.jpg,126.50,64.05,143.00,84.18,275,183,no,no,None
images280.jpg,146.84,45.79,162.04,66.70,275,183,invisible,yes,helmet
images280.jpg,185.58,25.62,199.23,42.90,275,183,invisible,yes,helmet
images280.jpg,227.00,3.19,240.10,16.99,275,183,invisible,no,None
images281.jpg,112.80,39.38,135.36,66.23,282,179,yes,yes,both
images282.jpg,63.00,126.00,66.00,131.04,300,168,invisible,no,None
images282.jpg,267.00,137.76,276.00,142.80,300,168,invisible,no,None
images282.jpg,105.00,142.80,108.00,147.84,300,168,invisible,yes,helmet
images282.jpg,282.48,145.26,287.81,150.88,300,168,invisible,yes,helmet
images282.jpg,260.19,121.49,263.99,125.09,300,168,invisible,no,None
images282.jpg,210.13,148.65,214.13,153.75,300,168,invisible,no,None
images282.jpg,179.88,120.93,183.05,124.38,300,168,invisible,no,None
images282.jpg,156.39,119.84,159.99,123.04,300,168,invisible,no,None
images282.jpg,34.39,138.48,37.87,142.80,300,168,invisible,no,None
images282.jpg,30.47,113.09,34.17,116.79,300,168,invisible,yes,helmet
images282.jpg,60.07,109.89,62.97,113.19,300,168,invisible,no,None
images282.jpg,171.80,120.67,175.30,123.77,300,168,invisible,no,None
images283.jpg,125.58,68.88,140.53,84.00,299,168,invisible,no,None
images283.jpg,197.34,67.20,206.31,78.96,299,168,invisible,no,None
images283.jpg,177.05,70.80,187.35,82.13,299,168,invisible,yes,helmet
images284.jpg,252.00,3.36,261.00,15.12,300,168,invisible,yes,helmet
images284.jpg,189.00,6.72,198.00,16.80,300,168,invisible,no,None
images284.jpg,10.80,7.90,17.60,14.99,300,168,invisible,yes,helmet
images284.jpg,67.70,6.29,76.10,15.09,300,168,invisible,yes,helmet
images284.jpg,207.00,10.08,219.00,23.52,300,168,invisible,yes,helmet
images284.jpg,141.00,8.40,153.00,18.48,300,168,invisible,no,None
images284.jpg,99.00,6.72,108.00,15.12,300,168,invisible,no,None
images284.jpg,273.00,8.40,282.00,18.48,300,168,invisible,no,None
images285.jpg,57.24,71.55,101.76,117.66,318,159,no,yes,helmet
images286.jpg,54.27,65.26,156.78,175.70,201,251,no,no,None
images287.jpg,199.43,89.24,217.56,116.40,259,194,invisible,no,None
images287.jpg,171.60,91.90,191.91,113.45,259,194,yes,yes,both
images287.jpg,148.30,97.49,166.11,116.72,259,194,yes,yes,both
images287.jpg,12.95,83.42,31.08,108.64,259,194,invisible,yes,helmet
images288.jpg,10.68,13.23,82.77,100.17,267,189,invisible,yes,helmet
images288.jpg,168.21,15.12,261.66,139.86,267,189,no,yes,helmet
images289.jpg,183.49,3.24,211.48,38.88,311,162,no,yes,helmet
images289.jpg,99.52,6.48,130.62,42.12,311,162,no,no,None
images29.jpg,108.65,66.54,117.95,78.54,301,168,invisible,yes,helmet
images29.jpg,131.64,64.66,143.68,78.10,301,168,no,yes,helmet
images29.jpg,57.19,52.08,78.26,72.24,301,168,invisible,no,None
images29.jpg,93.31,60.48,108.36,78.96,301,168,yes,yes,both
images29.jpg,147.49,57.12,162.54,73.92,301,168,no,no,None
images290.jpg,85.01,110.40,98.01,123.70,275,183,invisible,yes,helmet
images290.jpg,99.00,107.97,110.00,118.95,275,183,invisible,yes,helmet
images291.jpg,244.75,71.37,264.00,93.33,275,183,no,yes,helmet
images291.jpg,178.75,75.03,195.25,98.82,275,183,no,yes,helmet
images291.jpg,30.25,71.37,52.25,96.99,275,183,no,yes,helmet
images291.jpg,134.75,60.39,159.50,89.67,275,183,invisible,yes,helmet
images291.jpg,60.50,58.56,93.50,100.65,275,183,no,yes,helmet
images291.jpg,93.50,58.56,115.50,89.67,275,183,no,yes,helmet
images291.jpg,187.00,40.26,231.00,91.50,275,183,no,yes,helmet
images291.jpg,0.00,64.05,33.00,120.78,275,183,no,yes,helmet
images292.jpg,90.00,11.76,159.00,94.08,300,168,no,yes,helmet
images293.jpg,192.00,67.20,210.00,89.04,300,168,yes,yes,both
images294.jpg,89.04,1.59,235.32,119.25,318,159,no,yes,helmet
images295.jpg,213.52,73.60,232.36,91.20,314,160,no,yes,helmet
images295.jpg,98.70,116.00,106.00,122.60,314,160,invisible,yes,helmet
images295.jpg,10.77,122.76,15.37,126.86,314,160,invisible,yes,helmet
images296.jpg,146.00,8.65,183.96,58.82,292,173,yes,yes,both
images296.jpg,201.48,29.41,254.04,91.69,292,173,yes,yes,both
images297.jpg,144.56,59.73,166.80,85.07,278,181,invisible,yes,helmet
images297.jpg,183.48,61.54,205.72,86.88,278,181,yes,yes,both
images298.jpg,90.00,18.48,111.00,38.64,300,168,invisible,yes,helmet
images298.jpg,99.81,61.79,107.41,67.89,300,168,yes,yes,both
images298.jpg,70.95,35.60,78.70,41.65,300,168,yes,yes,both
images299.jpg,204.00,30.24,219.00,45.36,300,168,invisible,yes,helmet
images299.jpg,189.00,36.96,198.00,48.72,300,168,invisible,no,None
images299.jpg,33.00,23.52,51.00,45.36,300,168,yes,yes,both
images299.jpg,102.00,15.12,126.00,43.68,300,168,no,yes,helmet
images299.jpg,246.00,31.92,273.00,58.80,300,168,invisible,yes,helmet
images299.jpg,54.00,21.84,72.00,42.00,300,168,invisible,yes,helmet
images3.jpg,38.50,10.98,68.75,51.24,275,183,yes,yes,both
images3.jpg,151.25,18.30,181.50,62.22,275,183,yes,yes,both
images3.jpg,203.50,5.49,242.00,62.22,275,183,yes,yes,both
images3.jpg,178.75,49.41,200.75,80.52,275,183,no,yes,helmet
images3.jpg,82.50,18.30,118.25,65.88,275,183,yes,yes,both
images30.jpg,155.50,47.40,176.51,73.34,262,192,invisible,yes,helmet
images30.jpg,31.44,65.28,47.16,86.40,262,192,no,no,None
images300.jpg,99.00,58.80,114.00,77.28,300,168,yes,yes,both
images300.jpg,183.00,80.64,192.00,90.72,300,168,invisible,yes,helmet
images300.jpg,177.00,82.32,183.00,90.72,300,168,invisible,no,None
images300.jpg,201.00,82.32,207.00,90.72,300,168,invisible,yes,helmet
images300.jpg,30.00,110.88,48.00,132.72,300,168,invisible,yes,helmet
images300.jpg,150.00,80.64,159.00,90.72,300,168,invisible,yes,helmet
images300.jpg,223.10,104.90,230.12,112.21,300,168,invisible,yes,helmet
images301.jpg,115.50,24.48,171.60,81.09,330,153,yes,yes,both
images301.jpg,211.20,33.66,244.20,64.26,330,153,no,yes,helmet
images301.jpg,240.90,3.06,310.20,76.50,330,153,yes,yes,both
images301.jpg,82.50,10.71,128.70,53.55,330,153,yes,no,mask
images301.jpg,0.00,0.00,44.10,81.84,330,153,invisible,yes,helmet
images303.jpg,127.20,19.08,146.28,44.52,318,159,no,yes,helmet
images303.jpg,190.80,19.08,222.60,50.88,318,159,yes,yes,both
images304.jpg,44.55,11.83,65.34,38.87,297,169,yes,no,mask
images305.jpg,108.81,57.60,125.55,79.20,279,180,yes,yes,both
images305.jpg,44.64,61.20,58.59,77.40,279,180,invisible,yes,helmet
images305.jpg,142.29,66.60,156.24,86.40,279,180,yes,yes,both
images305.jpg,13.95,50.40,44.64,90.00,279,180,yes,yes,both
images305.jpg,55.57,64.37,72.31,84.17,279,180,no,yes,helmet
images305.jpg,200.88,70.20,225.99,102.60,279,180,no,yes,helmet
images305.jpg,78.12,61.20,86.49,75.60,279,180,invisible,yes,helmet
images305.jpg,171.88,78.52,178.58,84.92,279,180,invisible,no,None
images306.jpg,104.50,126.27,110.00,133.59,275,183,invisible,yes,helmet
images306.jpg,77.00,71.37,82.50,78.69,275,183,invisible,no,None
images306.jpg,32.47,13.00,36.17,16.50,275,183,invisible,no,None
images306.jpg,132.26,90.23,138.05,95.23,275,183,invisible,no,None
images306.jpg,28.30,143.41,33.62,149.86,275,183,invisible,no,None
images306.jpg,93.50,25.62,96.25,31.11,275,183,invisible,no,None
images306.jpg,24.75,118.95,33.00,128.10,275,183,invisible,yes,helmet
images306.jpg,231.00,82.35,239.25,93.33,275,183,invisible,yes,helmet
images306.jpg,74.25,14.64,79.75,20.13,275,183,invisible,no,None
images307.jpg,81.00,38.25,114.75,90.00,225,225,yes,yes,both
images308.jpg,114.12,127.95,120.83,134.55,276,182,invisible,yes,helmet
images308.jpg,97.08,142.84,108.00,152.20,276,182,invisible,yes,helmet
images308.jpg,56.11,157.23,71.95,173.21,276,182,invisible,yes,helmet
images308.jpg,124.20,81.90,132.48,91.00,276,182,invisible,no,None
images308.jpg,101.29,38.47,107.79,44.27,276,182,invisible,yes,helmet
images308.jpg,82.54,115.64,89.34,125.24,276,182,invisible,yes,helmet
images308.jpg,75.84,128.54,84.24,139.04,276,182,invisible,yes,helmet
images308.jpg,111.30,135.26,119.95,143.30,276,182,invisible,yes,helmet
images308.jpg,129.85,128.71,138.13,136.06,276,182,invisible,yes,helmet
images308.jpg,55.89,66.87,59.49,70.77,276,182,invisible,yes,helmet
images31.jpg,85.25,21.96,123.75,67.71,275,183,yes,yes,both
images31.jpg,217.35,140.42,233.03,158.57,275,183,yes,yes,both
images310.jpg,169.65,28.95,185.31,50.18,261,193,yes,no,mask
images310.jpg,104.40,30.88,117.45,52.11,261,193,yes,no,mask
images310.jpg,138.33,30.88,151.38,50.18,261,193,yes,no,mask
images310.jpg,67.86,28.95,86.13,50.18,261,193,yes,no,mask
images311.jpg,27.50,47.58,55.00,87.84,275,183,yes,yes,both
images312.jpg,107.64,23.52,125.58,48.72,299,168,no,yes,helmet
images312.jpg,62.79,15.12,80.73,36.96,299,168,no,yes,helmet
images312.jpg,209.30,35.28,227.24,60.48,299,168,no,yes,helmet
images312.jpg,155.48,35.28,176.41,60.48,299,168,no,yes,helmet
images313.jpg,209.79,56.55,217.56,66.30,259,195,invisible,yes,helmet
images313.jpg,214.97,48.75,225.33,60.45,259,195,invisible,yes,helmet
images313.jpg,36.26,48.75,49.21,66.30,259,195,invisible,yes,helmet
images313.jpg,108.78,60.45,147.63,113.10,259,195,no,yes,helmet
images314.jpg,209.00,12.81,225.50,36.60,275,183,yes,no,mask
images314.jpg,129.25,3.66,148.50,27.45,275,183,no,yes,helmet
images314.jpg,19.25,0.00,52.25,34.77,275,183,no,yes,helmet
images315.jpg,155.04,49.95,171.36,70.30,272,185,invisible,yes,helmet
images315.jpg,92.48,31.45,108.80,53.65,272,185,invisible,no,None
images316.jpg,125.84,112.64,134.42,119.68,286,176,invisible,no,None
images316.jpg,82.94,130.24,91.52,140.80,286,176,invisible,yes,helmet
images316.jpg,8.58,147.84,17.16,156.64,286,176,invisible,yes,helmet
images316.jpg,251.68,160.16,254.54,167.20,286,176,invisible,no,None
images316.jpg,114.40,119.68,120.12,126.72,286,176,invisible,no,None
images316.jpg,169.15,112.50,176.15,117.60,286,176,yes,yes,both
images316.jpg,63.63,142.73,69.43,147.43,286,176,invisible,yes,helmet
images317.jpg,111.00,1.68,165.00,63.84,300,168,yes,yes,both
images319.jpg,2.59,50.44,20.72,77.60,259,194,no,yes,helmet
images319.jpg,113.96,50.44,150.22,100.88,259,194,no,yes,helmet
images319.jpg,177.01,0.00,259.00,98.94,259,194,no,yes,helmet
images319.jpg,97.13,112.96,142.63,159.86,259,194,no,no,None
images32.jpg,123.75,14.64,137.50,34.77,275,183,no,yes,helmet
images32.jpg,93.50,14.64,110.00,38.43,275,183,invisible,yes,helmet
images32.jpg,173.25,12.81,189.75,36.60,275,183,invisible,no,None
images32.jpg,29.96,113.68,54.80,142.71,275,183,invisible,yes,helmet
images32.jpg,212.62,103.82,238.50,137.26,275,183,invisible,yes,helmet
images320.jpg,27.85,41.64,54.17,67.41,279,180,invisible,yes,helmet
images320.jpg,173.69,38.54,199.73,65.68,279,180,invisible,yes,helmet
images320.jpg,184.14,14.40,200.88,37.80,279,180,invisible,no,None
images320.jpg,36.27,54.00,66.96,90.00,279,180,no,yes,helmet
images320.jpg,172.98,122.40,200.88,162.00,279,180,no,yes,helmet
images320.jpg,131.13,10.80,159.03,43.20,279,180,no,no,None
images321.jpg,86.73,94.05,146.91,168.15,177,285,no,yes,helmet
images322.jpg,99.00,20.25,171.00,103.50,225,225,no,yes,helmet
images323.jpg,120.00,92.40,123.00,97.44,300,168,invisible,no,None
images323.jpg,30.00,92.40,36.00,99.12,300,168,invisible,yes,helmet
images323.jpg,84.00,85.68,90.00,94.08,300,168,invisible,yes,helmet
images323.jpg,105.00,92.40,111.00,97.44,300,168,invisible,no,None
images323.jpg,141.00,85.68,150.00,94.08,300,168,invisible,yes,helmet
images323.jpg,180.00,87.36,186.00,94.08,300,168,invisible,no,None
images323.jpg,171.00,85.68,180.00,94.08,300,168,invisible,yes,helmet
images323.jpg,144.00,87.36,153.00,95.76,300,168,invisible,no,None
images323.jpg,183.00,85.68,189.00,94.08,300,168,invisible,yes,helmet
images323.jpg,81.00,90.72,87.00,97.44,300,168,invisible,no,None
images323.jpg,225.00,77.28,237.00,90.72,300,168,invisible,no,None
images323.jpg,198.00,82.32,210.00,94.08,300,168,no,yes,helmet
images323.jpg,219.00,68.88,228.00,82.32,300,168,invisible,no,None
images323.jpg,168.00,87.36,171.00,94.08,300,168,invisible,no,None
images323.jpg,159.00,87.36,162.00,94.08,300,168,invisible,no,None
images323.jpg,129.00,90.72,135.00,97.44,300,168,invisible,no,None
images324.jpg,127.92,16.40,172.20,73.80,246,205,no,yes,helmet
images325.jpg,142.60,39.12,164.30,61.94,310,163,invisible,no,None
images325.jpg,151.90,32.60,167.40,50.53,310,163,no,yes,helmet
images325.jpg,111.60,24.45,145.70,61.94,310,163,invisible,no,None
images326.jpg,178.25,52.58,191.73,66.54,277,182,invisible,yes,helmet
images326.jpg,96.95,47.32,113.57,65.52,277,182,invisible,yes,helmet
images326.jpg,149.58,49.14,166.20,69.16,277,182,invisible,yes,helmet
images326.jpg,207.75,54.60,218.83,67.34,277,182,invisible,yes,helmet
images327.jpg,93.24,17.46,142.45,79.54,259,194,no,yes,helmet
images328.jpg,167.75,42.09,184.25,62.22,275,183,yes,no,mask
images329.jpg,29.90,43.68,41.86,58.80,299,168,yes,no,mask
images329.jpg,161.46,31.92,185.38,58.80,299,168,yes,no,mask
images33.jpg,168.36,113.46,201.48,155.55,276,183,invisible,no,None
images33.jpg,38.64,7.32,110.40,95.16,276,183,yes,yes,both
images330.jpg,23.28,113.96,40.74,134.68,194,259,yes,yes,both
images330.jpg,110.58,106.19,129.98,126.91,194,259,no,yes,helmet
images330.jpg,151.32,103.60,174.60,129.50,194,259,invisible,yes,helmet
images330.jpg,110.58,67.34,129.98,88.06,194,259,yes,yes,both
images330.jpg,129.98,62.16,147.44,80.29,194,259,invisible,yes,helmet
images332.jpg,126.00,52.08,147.00,75.60,300,168,yes,no,mask
images333.jpg,128.10,13.20,164.70,64.35,305,165,no,yes,helmet
images333.jpg,164.70,4.95,216.55,66.00,305,165,no,yes,helmet
images333.jpg,82.35,24.75,109.80,59.40,305,165,no,yes,helmet
images333.jpg,219.60,19.80,271.45,80.85,305,165,no,no,None
images333.jpg,64.05,23.10,91.50,61.05,305,165,no,yes,helmet
images333.jpg,103.70,19.80,137.25,64.35,305,165,no,yes,helmet
images333.jpg,45.75,29.70,67.10,54.45,305,165,no,no,None
images333.jpg,15.25,0.00,33.55,21.45,305,165,no,yes,helmet
images334.jpg,121.73,32.98,152.81,77.60,259,194,yes,yes,both
images335.jpg,156.75,49.41,176.00,75.03,275,183,no,yes,helmet
images335.jpg,85.25,49.41,101.75,73.20,275,183,invisible,yes,helmet
images335.jpg,112.75,40.26,129.25,64.05,275,183,no,yes,helmet
images335.jpg,8.25,75.03,46.75,126.27,275,183,no,no,None
images335.jpg,66.00,53.07,74.25,62.22,275,183,invisible,no,None
images335.jpg,178.75,45.75,195.25,65.88,275,183,invisible,yes,helmet
images335.jpg,129.25,51.24,145.75,73.20,275,183,no,yes,helmet
images335.jpg,231.00,49.41,250.25,71.37,275,183,invisible,yes,helmet
images336.jpg,258.50,45.75,275.00,84.18,275,183,no,yes,helmet
images336.jpg,8.25,51.24,63.25,117.12,275,183,no,yes,helmet
images336.jpg,242.00,67.71,255.75,86.01,275,183,invisible,no,None
images337.jpg,41.25,23.79,82.50,78.69,275,183,no,no,None
images337.jpg,154.00,1.83,272.25,131.76,275,183,no,no,None
images338.jpg,177.51,24.22,258.99,131.48,291,173,no,yes,helmet
images339.jpg,180.00,127.68,192.00,141.12,300,168,invisible,no,None
images339.jpg,288.00,26.88,297.00,38.64,300,168,invisible,yes,helmet
images339.jpg,144.00,87.36,153.00,99.12,300,168,invisible,no,None
images339.jpg,165.58,105.13,171.20,111.18,300,168,invisible,no,None
images339.jpg,179.12,105.27,185.02,110.03,300,168,invisible,no,None
images339.jpg,39.00,131.04,48.00,141.12,300,168,invisible,yes,helmet
images339.jpg,139.92,104.41,145.32,108.61,300,168,invisible,no,None
images339.jpg,121.20,103.75,128.60,109.25,300,168,invisible,yes,helmet
images339.jpg,110.88,107.66,116.95,114.10,300,168,invisible,yes,helmet
images339.jpg,96.65,112.15,104.05,120.17,300,168,invisible,yes,helmet
images339.jpg,38.89,100.55,44.81,106.47,300,168,invisible,no,None
images339.jpg,240.00,28.56,258.00,48.72,300,168,no,yes,helmet
images339.jpg,261.00,43.68,279.00,67.20,300,168,no,no,None
images339.jpg,228.00,30.24,249.00,53.76,300,168,no,yes,helmet
images339.jpg,255.00,18.48,279.00,43.68,300,168,no,yes,helmet
images339.jpg,198.00,26.88,222.00,53.76,300,168,no,yes,helmet
images34.jpg,184.50,21.92,206.64,42.47,369,137,invisible,yes,helmet
images34.jpg,265.68,28.77,306.27,63.02,369,137,invisible,yes,helmet
images34.jpg,99.63,15.07,118.08,32.88,369,137,no,yes,helmet
images34.jpg,14.76,1.37,59.04,41.10,369,137,invisible,yes,helmet
images34.jpg,73.80,19.18,95.94,36.99,369,137,no,yes,helmet
images34.jpg,225.09,36.99,239.85,46.58,369,137,invisible,yes,helmet
images34.jpg,59.04,16.44,77.49,32.88,369,137,no,yes,helmet
images34.jpg,143.91,12.33,169.74,35.62,369,137,yes,yes,both
images340.jpg,93.39,84.01,103.09,95.71,300,168,invisible,yes,helmet
images340.jpg,9.74,84.85,15.84,90.15,300,168,invisible,yes,helmet
images340.jpg,0.74,87.95,7.94,93.75,300,168,invisible,yes,helmet
images340.jpg,26.24,86.50,32.44,93.55,300,168,invisible,yes,helmet
images340.jpg,58.42,88.10,62.90,92.00,300,168,invisible,yes,helmet
images340.jpg,132.00,87.36,144.00,99.12,300,168,invisible,yes,helmet
images340.jpg,144.00,82.32,162.00,100.80,300,168,invisible,yes,helmet
images342.jpg,154.50,8.15,213.21,83.13,309,163,yes,yes,both
images343.jpg,106.19,7.76,173.53,83.42,259,194,no,no,None
images344.jpg,166.79,93.51,178.61,105.19,273,185,invisible,yes,helmet
images344.jpg,98.58,56.53,110.28,71.63,273,185,invisible,yes,helmet
images344.jpg,178.44,33.13,185.14,41.83,273,185,invisible,yes,helmet
images344.jpg,98.28,38.85,106.47,49.95,273,185,invisible,yes,helmet
images344.jpg,101.01,85.10,122.85,114.70,273,185,no,yes,helmet
images344.jpg,136.50,29.60,141.96,35.15,273,185,invisible,yes,helmet
images345.jpg,90.00,28.56,126.00,72.24,300,168,yes,no,mask
images346.jpg,74.79,49.14,94.18,72.80,277,182,invisible,no,None
images346.jpg,19.39,38.22,41.55,63.70,277,182,invisible,yes,helmet
images347.jpg,18.06,30.06,30.10,43.42,301,167,yes,no,mask
images347.jpg,36.12,38.41,57.19,60.12,301,167,yes,no,mask
images347.jpg,93.31,28.39,111.37,48.43,301,167,invisible,no,None
images348.jpg,101.66,15.12,131.56,47.04,299,168,invisible,no,None
images349.jpg,78.88,83.25,89.76,98.05,272,185,invisible,no,None
images35.jpg,47.09,63.70,63.71,81.90,277,182,no,yes,helmet
images35.jpg,121.88,72.80,130.19,81.90,277,182,invisible,no,None
images35.jpg,85.87,67.34,94.18,78.26,277,182,invisible,no,None
images35.jpg,171.74,10.92,235.45,92.82,277,182,no,yes,helmet
images35.jpg,110.80,69.16,119.11,80.08,277,182,invisible,no,None
images350.jpg,188.37,26.88,221.26,67.20,299,168,yes,no,mask
images350.jpg,41.86,8.40,182.39,151.20,299,168,invisible,yes,helmet
images351.jpg,68.75,27.45,134.75,100.65,275,183,yes,yes,both
images352.jpg,185.31,106.65,189.57,113.76,213,237,invisible,no,None
images352.jpg,87.84,189.56,96.04,197.36,213,237,invisible,no,None
images352.jpg,128.74,196.62,138.46,204.30,213,237,invisible,yes,helmet
images352.jpg,101.81,33.33,104.91,37.03,213,237,invisible,no,None
images352.jpg,110.88,29.60,115.08,32.60,213,237,invisible,no,None
images352.jpg,38.88,123.73,44.38,129.43,213,237,invisible,yes,helmet
images352.jpg,160.76,23.84,164.16,27.14,213,237,invisible,no,None
images352.jpg,176.06,60.07,181.26,64.47,213,237,invisible,no,None
images352.jpg,168.86,68.57,173.06,72.47,213,237,invisible,no,None
images352.jpg,139.20,113.80,144.38,120.50,213,237,invisible,yes,helmet
images352.jpg,159.48,114.10,165.18,120.00,213,237,invisible,yes,helmet
images352.jpg,133.30,124.62,139.60,130.32,213,237,invisible,yes,helmet
images352.jpg,57.30,122.33,63.38,127.33,213,237,invisible,yes,helmet
images352.jpg,68.16,125.61,72.42,135.09,213,237,invisible,no,None
images352.jpg,89.46,23.70,93.72,28.44,213,237,invisible,no,None
images352.jpg,38.34,54.51,42.60,61.62,213,237,invisible,no,None
images352.jpg,80.94,80.58,89.46,90.06,213,237,invisible,no,None
images353.jpg,114.44,88.56,119.68,93.18,300,168,invisible,yes,helmet
images353.jpg,186.00,137.76,204.00,157.92,300,168,invisible,yes,helmet
images353.jpg,144.00,126.00,159.00,142.80,300,168,invisible,yes,helmet
images353.jpg,84.00,114.24,99.00,131.04,300,168,invisible,yes,helmet
images353.jpg,72.00,127.68,87.00,144.48,300,168,invisible,yes,helmet
images353.jpg,18.00,136.08,33.00,154.56,300,168,no,yes,helmet
images353.jpg,175.10,76.22,182.52,82.32,300,168,invisible,yes,helmet
images353.jpg,32.65,92.00,39.05,99.00,300,168,invisible,yes,helmet
images353.jpg,49.45,94.79,56.95,101.70,300,168,invisible,yes,helmet
images353.jpg,146.69,78.00,153.40,83.63,300,168,invisible,yes,helmet
images353.jpg,54.00,80.64,60.00,87.36,300,168,invisible,no,None
images353.jpg,180.00,63.84,198.00,80.64,300,168,invisible,no,None
images353.jpg,117.00,119.28,132.00,134.40,300,168,invisible,yes,helmet
images353.jpg,45.00,139.44,60.00,157.92,300,168,yes,yes,both
images356.jpg,104.50,71.37,112.75,84.18,275,183,invisible,yes,helmet
images356.jpg,178.75,87.84,184.25,93.33,275,183,invisible,no,None
images356.jpg,189.86,97.50,194.96,103.12,275,183,invisible,no,None
images357.jpg,11.63,28.99,16.73,35.79,275,183,invisible,no,None
images357.jpg,170.26,31.86,181.87,45.25,275,183,invisible,yes,helmet
images357.jpg,68.75,10.98,85.25,32.94,275,183,invisible,yes,helmet
images357.jpg,195.25,32.94,206.25,45.75,275,183,invisible,no,None
images357.jpg,85.25,16.47,99.00,36.60,275,183,invisible,yes,helmet
images357.jpg,115.50,9.15,129.25,26.30,275,183,invisible,yes,helmet
images358.jpg,69.25,12.74,102.49,54.60,277,182,no,yes,helmet
images359.jpg,227.24,79.43,245.18,103.09,299,169,no,no,None
images359.jpg,278.07,62.53,299.00,87.88,299,169,invisible,yes,helmet
images359.jpg,257.14,65.91,284.05,92.95,299,169,no,no,None
images36.jpg,152.19,26.32,189.57,75.20,267,188,no,no,None
images36.jpg,117.48,37.60,152.19,82.72,267,188,no,no,None
images360.jpg,125.58,46.25,155.61,83.25,273,185,yes,yes,both
images360.jpg,24.57,27.75,60.06,72.15,273,185,no,yes,helmet
images360.jpg,199.29,70.30,232.05,112.85,273,185,no,yes,helmet
images362.jpg,114.00,47.04,132.00,70.56,300,168,no,yes,helmet
images363.jpg,82.62,47.85,100.98,72.60,306,165,no,yes,helmet
images364.jpg,184.25,69.54,192.50,78.69,275,183,invisible,no,None
images364.jpg,129.25,23.79,148.50,47.58,275,183,yes,yes,both
images365.jpg,177.54,59.57,183.24,65.17,275,183,invisible,yes,helmet
images365.jpg,8.38,151.88,22.16,170.24,275,183,invisible,yes,helmet
images365.jpg,29.29,143.88,36.19,153.28,275,183,invisible,yes,helmet
images365.jpg,104.50,104.31,137.50,146.40,275,183,invisible,yes,helmet
images365.jpg,66.00,146.40,77.00,162.87,275,183,no,yes,helmet
images365.jpg,154.00,98.82,156.75,104.31,275,183,invisible,no,None
images366.jpg,131.56,47.04,164.45,92.40,299,168,yes,yes,both
images366.jpg,107.64,52.08,137.54,90.72,299,168,no,yes,helmet
images367.jpg,140.25,62.22,154.00,82.35,275,183,yes,yes,both
images367.jpg,234.90,35.92,252.32,47.94,275,183,invisible,yes,helmet
images367.jpg,189.75,42.09,203.50,64.05,275,183,no,yes,helmet
images368.jpg,186.00,15.12,216.00,52.08,300,168,yes,no,mask
images368.jpg,264.00,33.60,291.00,70.56,300,168,yes,no,mask
images368.jpg,122.79,41.10,136.20,74.37,300,168,yes,yes,both
images369.jpg,277.03,123.15,284.93,128.25,291,173,invisible,no,None
images369.jpg,152.61,154.70,158.41,158.90,291,173,invisible,no,None
images369.jpg,218.77,110.65,224.77,115.65,291,173,invisible,no,None
images369.jpg,46.65,102.69,58.55,110.39,291,173,invisible,no,None
images369.jpg,185.81,147.00,191.01,153.40,291,173,invisible,no,None
images369.jpg,133.86,86.50,145.50,98.61,291,173,invisible,no,None
images369.jpg,81.00,53.36,89.19,61.71,291,173,invisible,no,None
images37.jpg,121.00,12.81,165.00,73.20,275,183,no,no,None
images370.jpg,93.50,0.00,203.50,151.89,275,183,no,yes,helmet
images370.jpg,206.25,1.83,272.25,118.95,275,183,invisible,yes,helmet
images372.jpg,96.25,21.96,137.50,80.52,275,183,no,yes,helmet
images373.jpg,210.00,57.12,228.00,75.60,300,168,invisible,yes,helmet
images373.jpg,24.00,57.12,39.00,70.56,300,168,no,no,None
images373.jpg,132.00,52.08,147.00,68.88,300,168,yes,yes,both
images373.jpg,101.14,115.13,126.37,135.01,300,168,yes,yes,both
images375.jpg,185.38,23.52,215.28,57.12,299,168,yes,yes,both
images376.jpg,66.00,20.16,90.00,47.04,300,168,no,yes,helmet
images377.jpg,263.90,100.92,272.60,111.36,290,174,invisible,no,None
images377.jpg,72.50,57.42,136.30,133.98,290,174,yes,yes,both
images379.jpg,173.25,115.29,176.00,120.78,275,183,invisible,no,None
images38.jpg,46.75,122.61,52.25,131.76,275,183,invisible,no,None
images38.jpg,85.25,120.78,93.50,131.76,275,183,invisible,no,None
images38.jpg,71.50,118.95,79.75,129.93,275,183,invisible,no,None
images38.jpg,121.00,117.12,129.25,129.93,275,183,invisible,no,None
images38.jpg,79.75,120.78,88.00,131.76,275,183,invisible,no,None
images38.jpg,63.25,117.12,71.50,129.93,275,183,invisible,no,None
images38.jpg,189.75,36.60,209.00,64.05,275,183,yes,no,mask
images38.jpg,228.25,42.09,247.50,64.05,275,183,invisible,yes,helmet
images38.jpg,148.50,31.11,167.75,56.73,275,183,no,no,None
images38.jpg,6.66,119.56,15.96,131.86,275,183,invisible,yes,helmet
images38.jpg,26.46,122.16,34.66,131.76,275,183,invisible,yes,helmet
images380.jpg,23.20,1.74,69.60,53.94,290,174,yes,yes,both
images380.jpg,0.00,8.70,20.30,38.28,290,174,invisible,no,None
images380.jpg,191.40,12.18,234.90,60.90,290,174,invisible,yes,helmet
images381.jpg,80.64,171.00,90.72,186.00,168,300,yes,no,mask
images382.jpg,220.80,86.90,230.28,96.82,318,159,invisible,no,None
images382.jpg,193.98,81.09,206.70,95.40,318,159,invisible,no,None
images382.jpg,267.50,103.57,277.10,111.87,318,159,invisible,no,None
images382.jpg,139.92,90.63,155.82,108.12,318,159,no,no,None
images382.jpg,114.48,1.59,251.22,122.43,318,159,no,no,None
images382.jpg,93.97,11.03,104.10,23.80,318,159,invisible,no,None
images382.jpg,140.87,39.03,154.24,52.75,318,159,invisible,yes,helmet
images383.jpg,134.47,84.70,142.87,94.45,275,183,invisible,yes,helmet
images383.jpg,49.50,95.16,57.75,106.14,275,183,invisible,yes,helmet
images383.jpg,250.25,45.75,261.25,58.56,275,183,invisible,yes,helmet
images383.jpg,71.50,87.84,82.50,100.65,275,183,invisible,yes,helmet
images384.jpg,143.52,104.16,149.50,110.88,299,168,invisible,no,None
images384.jpg,53.82,134.40,62.79,144.48,299,168,invisible,no,None
images384.jpg,94.91,94.36,101.27,102.16,299,168,invisible,yes,helmet
images384.jpg,174.16,38.92,178.26,43.33,299,168,invisible,no,None
images384.jpg,37.76,112.74,43.56,120.64,299,168,invisible,no,None
images384.jpg,103.13,48.11,110.73,54.91,299,168,invisible,yes,helmet
images384.jpg,112.36,119.69,118.46,126.00,299,168,invisible,yes,helmet
images384.jpg,89.44,101.43,97.34,109.53,299,168,invisible,yes,helmet
images384.jpg,242.81,85.82,246.92,89.62,299,168,invisible,yes,helmet
images385.jpg,192.50,43.92,206.25,64.05,275,183,yes,yes,both
images385.jpg,66.00,47.58,79.75,67.71,275,183,yes,yes,both
images385.jpg,57.75,64.05,71.50,82.35,275,183,invisible,no,None
images386.jpg,147.84,0.00,203.84,49.50,224,225,no,yes,helmet
images386.jpg,0.00,15.75,44.80,69.75,224,225,yes,yes,both
images386.jpg,76.16,101.25,96.32,123.75,224,225,no,yes,helmet
images387.jpg,125.01,48.16,136.31,60.36,284,177,invisible,yes,helmet
images387.jpg,172.86,15.46,187.26,27.86,284,177,invisible,yes,helmet
images387.jpg,79.19,69.41,86.59,77.91,284,177,invisible,yes,helmet
images387.jpg,93.72,86.73,105.08,99.12,284,177,invisible,yes,helmet
images390.jpg,151.25,20.13,167.75,43.92,275,183,no,yes,helmet
images390.jpg,195.25,12.81,217.25,45.75,275,183,no,yes,helmet
images390.jpg,115.50,10.98,134.75,36.60,275,183,yes,yes,both
images392.jpg,216.30,30.62,224.96,40.50,275,183,invisible,yes,helmet
images392.jpg,89.78,70.40,100.08,81.50,275,183,invisible,yes,helmet
images392.jpg,117.13,113.40,128.23,127.00,275,183,invisible,yes,helmet
images392.jpg,27.50,31.11,35.75,43.92,275,183,invisible,yes,helmet
images392.jpg,112.75,29.28,121.00,43.92,275,183,invisible,yes,helmet
images393.jpg,123.00,10.08,153.00,38.64,300,168,yes,yes,both
images393.jpg,45.00,40.32,63.00,58.80,300,168,no,no,None
images393.jpg,69.95,65.42,78.85,75.72,300,168,invisible,yes,helmet
images393.jpg,8.49,53.71,21.99,66.91,300,168,invisible,yes,helmet
images394.jpg,186.00,142.80,195.00,151.20,300,168,invisible,yes,helmet
images394.jpg,284.86,138.60,293.40,148.20,300,168,invisible,yes,helmet
images394.jpg,231.00,136.08,237.00,144.48,300,168,invisible,no,None
images394.jpg,171.00,139.44,177.00,147.84,300,168,invisible,no,None
images394.jpg,111.00,154.56,120.00,166.32,300,168,invisible,no,None
images394.jpg,150.00,50.40,156.00,55.44,300,168,invisible,no,None
images394.jpg,265.42,133.44,274.18,142.32,300,168,invisible,yes,helmet
images394.jpg,251.64,128.09,258.12,134.21,300,168,invisible,yes,helmet
images394.jpg,136.08,107.23,145.15,113.14,300,168,invisible,yes,helmet
images394.jpg,173.60,148.37,181.20,154.67,300,168,invisible,yes,helmet
images394.jpg,159.14,146.01,165.00,153.82,300,168,invisible,yes,helmet
images395.jpg,158.70,75.40,185.00,112.40,273,185,invisible,no,None
images395.jpg,84.63,40.70,141.96,101.75,273,185,yes,no,mask
images396.jpg,71.76,94.08,83.72,105.84,299,168,invisible,no,None
images396.jpg,155.48,3.36,179.40,28.56,299,168,yes,no,mask
images397.jpg,22.00,47.58,41.25,71.37,275,183,no,yes,helmet
images399.jpg,79.51,143.59,82.91,146.99,275,183,invisible,no,None
images399.jpg,130.21,136.89,133.11,140.29,275,183,invisible,no,None
images399.jpg,172.29,140.22,176.49,145.12,275,183,invisible,no,None
images399.jpg,183.49,136.42,186.89,140.12,275,183,invisible,no,None
images399.jpg,42.35,145.23,48.76,150.53,275,183,invisible,no,None
images399.jpg,55.72,150.18,60.76,154.38,275,183,invisible,no,None
images4.jpg,165.36,0.00,209.88,49.29,318,159,yes,yes,both
images4.jpg,41.34,0.00,98.58,44.52,318,159,no,no,None
images4.jpg,197.16,1.59,235.32,33.39,318,159,no,yes,helmet
images4.jpg,92.22,3.18,130.38,34.98,318,159,no,no,None
images4.jpg,257.58,11.13,298.92,58.83,318,159,yes,yes,both
images40.jpg,61.06,66.23,104.11,103.02,275,183,yes,yes,both
images400.jpg,0.00,37.12,13.02,48.72,217,232,invisible,yes,helmet
images400.jpg,99.82,41.76,106.33,53.36,217,232,invisible,yes,helmet
images400.jpg,50.39,36.38,59.99,51.40,217,232,invisible,no,None
images400.jpg,128.03,37.12,136.71,48.72,217,232,invisible,no,None
images400.jpg,91.14,44.08,99.82,58.00,217,232,invisible,yes,helmet
images400.jpg,188.79,41.76,201.81,55.68,217,232,invisible,yes,helmet
images400.jpg,21.70,25.52,41.23,46.40,217,232,no,no,None
images401.jpg,159.00,6.72,186.00,35.28,300,168,no,yes,helmet
images401.jpg,168.00,53.76,201.00,87.36,300,168,yes,yes,both
images401.jpg,108.00,43.68,138.00,73.92,300,168,invisible,yes,helmet
images402.jpg,232.14,3.18,295.74,65.19,318,159,yes,no,mask
images402.jpg,171.72,44.52,213.06,92.22,318,159,yes,yes,both
images402.jpg,193.98,15.90,225.78,54.06,318,159,no,yes,helmet
images402.jpg,152.64,25.44,184.44,66.78,318,159,no,yes,helmet
images403.jpg,213.84,0.00,297.00,103.70,297,170,no,no,None
images403.jpg,98.01,1.70,196.02,120.70,297,170,no,no,None
images403.jpg,0.00,3.40,71.28,100.30,297,170,no,no,None
images404.jpg,63.00,87.36,78.00,105.84,300,168,no,yes,helmet
images404.jpg,141.00,82.32,153.00,95.76,300,168,invisible,no,None
images404.jpg,201.00,72.24,210.00,85.68,300,168,yes,no,mask
images404.jpg,186.00,58.80,198.00,70.56,300,168,invisible,no,None
images404.jpg,243.00,-0.00,276.00,31.92,300,168,yes,no,mask
images404.jpg,231.00,53.76,273.00,99.12,300,168,yes,no,mask
images404.jpg,9.00,85.68,30.00,109.20,300,168,yes,yes,both
images404.jpg,108.00,85.68,126.00,104.16,300,168,yes,yes,both
images404.jpg,81.00,95.76,93.00,110.88,300,168,invisible,yes,helmet
images405.jpg,206.25,1.83,258.50,64.05,275,183,no,no,None
images405.jpg,170.50,32.94,209.00,86.01,275,183,no,no,None
images406.jpg,112.61,78.90,116.41,83.60,290,174,invisible,no,None
images406.jpg,176.90,3.48,301.60,125.28,290,174,yes,yes,both
images406.jpg,17.40,40.02,26.10,48.72,290,174,invisible,no,None
images406.jpg,92.61,84.40,97.01,90.50,290,174,invisible,no,None
images406.jpg,129.90,93.79,135.30,101.10,290,174,invisible,yes,helmet
images406.jpg,149.40,100.89,156.10,109.70,290,174,invisible,yes,helmet
images407.jpg,239.10,63.60,244.88,70.90,275,183,invisible,yes,helmet
images407.jpg,230.64,64.18,236.94,71.08,275,183,invisible,no,None
images407.jpg,167.75,95.16,178.75,111.63,275,183,invisible,yes,helmet
images407.jpg,233.75,98.82,247.50,117.12,275,183,yes,yes,both
images407.jpg,187.00,84.18,198.00,98.82,275,183,invisible,yes,helmet
images407.jpg,148.50,104.31,159.50,117.12,275,183,invisible,yes,helmet
images407.jpg,201.21,101.66,214.09,116.11,275,183,invisible,yes,helmet
images407.jpg,126.16,105.21,138.36,118.32,275,183,invisible,yes,helmet
images407.jpg,87.68,96.29,97.88,107.20,275,183,invisible,yes,helmet
images407.jpg,71.01,115.52,82.21,128.92,275,183,invisible,yes,helmet
images407.jpg,22.20,100.32,32.79,111.42,275,183,invisible,yes,helmet
images407.jpg,26.79,90.82,38.50,104.11,275,183,invisible,yes,helmet
images407.jpg,129.92,63.76,136.54,72.04,275,183,invisible,yes,helmet
images407.jpg,144.80,64.00,151.06,71.44,275,183,invisible,yes,helmet
images408.jpg,239.47,53.46,273.68,84.24,311,162,invisible,yes,helmet
images409.jpg,64.75,27.16,101.01,79.54,259,194,no,yes,helmet
images409.jpg,134.68,23.28,170.94,75.66,259,194,no,yes,helmet
images409.jpg,176.12,46.56,212.38,98.94,259,194,no,yes,helmet
images409.jpg,217.56,15.52,251.23,65.96,259,194,no,yes,helmet
images409.jpg,0.00,40.74,36.26,95.06,259,194,no,yes,helmet
images41.jpg,185.38,21.97,206.31,52.39,299,169,no,yes,helmet
images41.jpg,167.44,28.73,191.36,57.46,299,169,no,no,None
images41.jpg,32.89,13.52,62.79,52.39,299,169,no,no,None
images41.jpg,104.65,18.59,122.59,42.25,299,169,invisible,no,None
images410.jpg,201.48,15.57,233.60,57.09,292,173,yes,no,mask
images410.jpg,23.36,8.65,58.40,50.17,292,173,yes,no,mask
images410.jpg,96.36,6.92,140.16,55.36,292,173,yes,yes,both
images411.jpg,166.32,1.64,258.72,114.80,308,164,yes,yes,both
images412.jpg,143.98,115.92,150.24,122.36,313,161,invisible,no,None
images412.jpg,125.20,127.19,131.46,132.02,313,161,invisible,no,None
images412.jpg,306.74,43.47,313.00,53.13,313,161,invisible,no,None
images412.jpg,166.16,100.72,172.06,104.82,313,161,invisible,no,None
images412.jpg,176.67,48.64,181.27,53.14,313,161,invisible,no,None
images412.jpg,121.90,67.91,130.60,77.41,313,161,invisible,yes,helmet
images412.jpg,154.35,62.45,158.96,68.20,313,161,invisible,yes,helmet
images412.jpg,209.71,33.81,237.88,64.40,313,161,no,yes,helmet
images413.jpg,138.60,77.86,149.10,88.86,275,183,invisible,yes,helmet
images413.jpg,181.50,62.22,200.75,84.18,275,183,yes,yes,both
images414.jpg,96.00,45.36,114.00,65.52,300,168,invisible,yes,helmet
images414.jpg,243.00,70.56,255.00,85.68,300,168,invisible,yes,helmet
images414.jpg,210.00,55.44,231.00,77.28,300,168,yes,yes,both
images414.jpg,231.00,62.16,243.00,75.60,300,168,invisible,no,None
images415.jpg,104.00,52.38,130.00,87.30,260,194,no,yes,helmet
images416.jpg,173.85,66.00,207.40,103.95,305,165,yes,yes,both
images417.jpg,102.00,65.52,120.00,82.32,300,168,invisible,yes,helmet
images417.jpg,45.00,84.00,66.00,104.16,300,168,invisible,yes,helmet
images417.jpg,147.00,78.96,159.00,92.40,300,168,invisible,no,None
images417.jpg,120.00,58.80,138.00,75.60,300,168,invisible,no,None
images417.jpg,75.00,23.52,90.00,40.32,300,168,invisible,yes,helmet
images417.jpg,132.00,48.72,150.00,67.20,300,168,invisible,yes,helmet
images417.jpg,4.26,69.88,19.26,85.08,300,168,invisible,yes,helmet
images418.jpg,169.40,44.01,200.20,74.98,308,163,no,yes,helmet
images418.jpg,107.80,0.00,154.00,47.27,308,163,no,yes,helmet
images42.jpg,63.90,149.31,89.46,177.75,213,237,invisible,yes,helmet
images42.jpg,85.20,127.98,104.37,154.05,213,237,invisible,yes,helmet
images42.jpg,29.82,94.80,42.60,111.39,213,237,no,yes,helmet
images42.jpg,134.19,132.72,159.75,161.16,213,237,invisible,yes,helmet
images42.jpg,21.30,168.27,46.86,191.97,213,237,no,yes,helmet
images42.jpg,176.79,144.57,202.35,175.38,213,237,no,yes,helmet
images42.jpg,58.10,93.58,68.85,105.77,213,237,invisible,yes,helmet
images42.jpg,183.05,69.42,193.21,78.27,213,237,invisible,yes,helmet
images42.jpg,150.55,83.74,161.69,93.47,213,237,invisible,yes,helmet
images42.jpg,97.98,49.77,108.63,61.62,213,237,invisible,no,None
images42.jpg,131.75,87.92,140.63,97.32,213,237,invisible,yes,helmet
images42.jpg,68.91,41.97,75.53,51.35,213,237,invisible,yes,helmet
images42.jpg,2.99,93.09,15.27,103.62,213,237,invisible,yes,helmet
images420.jpg,145.04,64.02,150.22,71.78,259,194,invisible,no,None
images420.jpg,72.52,64.02,124.32,135.80,259,194,yes,yes,both
images422.jpg,190.93,82.86,197.53,89.66,275,183,invisible,yes,helmet
images422.jpg,71.50,75.03,79.75,86.01,275,183,invisible,yes,helmet
images422.jpg,143.00,62.22,151.25,71.37,275,183,invisible,yes,helmet
images422.jpg,107.25,58.56,112.75,67.71,275,183,invisible,yes,helmet
images423.jpg,213.30,40.92,232.20,68.82,270,186,invisible,no,None
images423.jpg,224.10,39.06,251.10,74.40,270,186,no,no,None
images423.jpg,86.40,46.50,102.60,68.82,270,186,yes,no,mask
images423.jpg,189.00,39.06,207.90,66.96,270,186,invisible,no,None
images423.jpg,43.20,26.04,75.60,68.82,270,186,yes,yes,both
images423.jpg,110.70,44.64,135.00,76.26,270,186,no,yes,helmet
images424.jpg,105.00,3.36,132.00,33.60,300,168,no,yes,helmet
images424.jpg,162.00,43.68,189.00,72.24,300,168,invisible,no,None
images425.jpg,61.80,4.10,87.70,33.60,300,168,yes,no,mask
images426.jpg,213.10,63.30,224.60,74.70,259,194,yes,yes,both
images426.jpg,162.90,64.46,171.93,73.90,259,194,yes,yes,both
images427.jpg,39.48,47.08,43.98,51.87,273,184,invisible,no,None
images427.jpg,180.18,11.04,193.83,29.44,273,184,invisible,yes,helmet
images427.jpg,212.94,0.00,237.51,31.28,273,184,yes,yes,both
images427.jpg,68.25,7.36,87.36,34.96,273,184,yes,yes,both
images427.jpg,132.70,25.00,138.20,30.40,273,184,yes,yes,both
images427.jpg,53.90,60.90,61.20,69.20,273,184,yes,yes,both
images427.jpg,5.24,32.08,11.59,38.56,273,184,yes,yes,both
images428.jpg,194.90,34.70,211.20,50.20,275,183,yes,yes,both
images428.jpg,166.10,31.50,182.37,49.80,275,183,yes,yes,both
images428.jpg,113.63,17.50,132.63,38.30,275,183,yes,yes,both
images429.jpg,119.90,37.50,149.54,70.40,275,183,no,no,None
images429.jpg,48.10,33.90,99.00,90.60,275,183,yes,yes,both
images43.jpg,101.01,42.68,119.14,65.96,259,194,no,yes,helmet
images43.jpg,205.70,23.98,230.80,41.71,259,194,yes,yes,both
images430.jpg,147.90,12.18,159.50,24.36,290,174,invisible,no,None
images430.jpg,224.30,2.50,234.50,16.20,290,174,invisible,no,None
images430.jpg,31.28,21.66,36.60,27.10,290,174,yes,yes,both
images430.jpg,20.90,20.00,27.10,25.20,290,174,yes,yes,both
images430.jpg,36.90,18.20,43.40,23.30,290,174,yes,yes,both
images430.jpg,109.90,34.40,141.00,67.10,290,174,no,yes,helmet
images430.jpg,166.90,15.80,174.36,22.44,290,174,yes,yes,both
images431.jpg,85.93,90.50,101.20,109.90,284,177,yes,yes,both
images431.jpg,113.50,74.80,128.80,94.00,284,177,yes,yes,both
images431.jpg,167.10,14.70,183.10,34.30,284,177,no,yes,helmet
images431.jpg,226.10,20.30,242.60,38.94,284,177,invisible,yes,helmet
images432.jpg,30.47,25.48,63.71,67.34,277,182,yes,yes,both
images432.jpg,213.29,17.30,260.38,71.50,277,182,no,yes,helmet
images432.jpg,173.80,41.96,206.91,81.80,277,182,yes,yes,both
images432.jpg,110.80,12.74,138.50,52.78,277,182,yes,yes,both
images433.jpg,145.50,41.93,194.97,112.86,291,173,yes,no,mask
images436.jpg,129.00,25.20,150.00,52.08,300,168,yes,yes,both
images437.jpg,132.10,42.80,176.90,92.10,290,174,invisible,yes,helmet
images437.jpg,52.70,3.90,101.20,51.20,290,174,no,yes,helmet
images437.jpg,199.30,19.10,248.60,67.70,290,174,invisible,yes,helmet
images438.jpg,92.38,27.21,210.18,163.00,310,163,no,yes,helmet
images438.jpg,43.40,73.35,77.50,105.95,310,163,yes,yes,both
images439.jpg,181.76,74.34,198.80,95.58,284,177,invisible,yes,helmet
images44.jpg,110.70,72.30,147.80,117.90,225,224,no,yes,helmet
images440.jpg,150.30,20.50,224.40,128.30,258,195,no,yes,helmet
images440.jpg,61.42,4.92,150.18,130.97,258,195,yes,no,mask
images441.jpg,126.10,14.31,144.40,36.30,318,159,invisible,yes,helmet
images441.jpg,181.26,14.31,203.10,35.80,318,159,no,yes,helmet
images442.jpg,115.20,5.25,230.40,155.75,288,175,no,yes,helmet
images443.jpg,266.60,4.89,294.50,34.23,310,163,yes,yes,both
images443.jpg,127.10,1.63,151.90,30.97,310,163,yes,yes,both
images443.jpg,198.40,4.89,223.20,30.97,310,163,yes,yes,both
images443.jpg,46.50,6.52,71.30,35.86,310,163,yes,yes,both
images444.jpg,71.20,34.08,106.80,71.00,178,284,no,yes,helmet
images445.jpg,291.00,16.80,300.00,35.28,300,168,invisible,yes,helmet
images445.jpg,171.00,18.48,183.00,33.60,300,168,no,no,None
images445.jpg,78.00,21.84,93.00,38.64,300,168,no,no,None
images445.jpg,201.00,10.08,216.00,26.88,300,168,invisible,yes,helmet
images445.jpg,255.00,16.80,267.00,28.56,300,168,invisible,yes,helmet
images445.jpg,117.00,15.12,129.00,30.24,300,168,invisible,yes,helmet
images445.jpg,243.00,13.44,258.00,30.24,300,168,no,yes,helmet
images445.jpg,36.00,30.24,51.00,47.04,300,168,no,no,None
images445.jpg,81.00,13.44,96.00,31.92,300,168,yes,yes,both
images445.jpg,147.00,15.12,159.00,26.88,300,168,no,yes,helmet
images445.jpg,105.00,15.12,123.00,38.64,300,168,no,no,None
images445.jpg,33.00,16.80,45.00,31.92,300,168,no,no,None
images445.jpg,267.00,11.76,285.00,31.92,300,168,no,yes,helmet
images445.jpg,228.00,15.12,240.00,30.24,300,168,no,yes,helmet
images446.jpg,92.80,68.20,117.50,90.20,275,183,yes,yes,both
images446.jpg,137.50,16.47,156.75,43.92,275,183,no,no,None
images447.jpg,198.72,15.75,221.76,42.00,288,175,yes,yes,both
images447.jpg,160.99,94.32,167.19,102.10,288,175,invisible,no,None
images447.jpg,145.89,108.33,149.69,113.33,288,175,invisible,no,None
images449.jpg,139.86,104.76,170.94,139.68,259,194,no,yes,helmet
images45.jpg,211.75,62.22,231.00,86.01,275,183,no,yes,helmet
images45.jpg,52.25,54.90,82.50,93.33,275,183,yes,yes,both
images45.jpg,148.50,53.07,176.00,93.33,275,183,yes,yes,both
images45.jpg,132.00,49.41,151.25,73.20,275,183,no,yes,helmet
images45.jpg,99.00,45.75,132.00,89.67,275,183,yes,yes,both
images45.jpg,85.25,45.00,104.50,73.20,275,183,invisible,no,None
images45.jpg,175.36,63.50,192.20,81.90,275,183,yes,yes,both
images450.jpg,247.86,72.60,260.10,87.45,306,165,invisible,no,None
images450.jpg,177.48,141.90,198.90,163.35,306,165,no,no,None
images450.jpg,135.22,86.00,146.10,99.84,306,165,yes,yes,both
images451.jpg,139.60,46.11,159.90,65.90,318,159,invisible,no,None
images451.jpg,215.30,45.00,232.20,65.19,318,159,yes,no,mask
images451.jpg,39.30,38.40,58.40,62.20,318,159,invisible,no,None
images452.jpg,103.29,65.77,109.87,71.81,300,168,invisible,yes,helmet
images452.jpg,113.87,64.17,120.78,69.85,300,168,invisible,yes,helmet
images452.jpg,234.06,55.11,243.66,64.70,300,168,invisible,yes,helmet
images452.jpg,272.10,74.20,285.70,83.30,300,168,yes,yes,both
images452.jpg,138.00,57.12,144.00,63.84,300,168,invisible,yes,helmet
images452.jpg,150.00,53.76,156.00,62.16,300,168,invisible,no,None
images452.jpg,115.10,70.30,125.30,85.60,300,168,yes,yes,both
images452.jpg,216.00,72.24,231.00,90.72,300,168,invisible,yes,helmet
images452.jpg,126.00,58.80,132.00,63.84,300,168,invisible,yes,helmet
images452.jpg,141.00,55.44,147.00,62.16,300,168,invisible,no,None
images453.jpg,215.28,18.48,236.21,40.32,299,168,invisible,no,None
images455.jpg,150.00,0.00,210.00,52.08,300,168,no,yes,helmet
images456.jpg,220.00,64.32,240.00,90.45,250,201,no,yes,helmet
images457.jpg,209.40,54.25,223.10,68.10,300,168,yes,yes,both
images457.jpg,138.00,45.36,156.00,65.52,300,168,invisible,no,None
images457.jpg,174.00,48.72,189.00,63.84,300,168,yes,no,mask
images457.jpg,225.00,47.04,243.00,65.52,300,168,no,yes,helmet
images457.jpg,150.00,13.50,162.90,31.10,300,168,yes,yes,both
images458.jpg,133.00,35.80,139.10,43.10,287,176,invisible,yes,helmet
images458.jpg,109.06,23.20,119.60,35.20,287,176,yes,yes,both
images458.jpg,79.70,26.60,94.90,45.50,287,176,no,yes,helmet
images458.jpg,111.93,41.30,130.60,63.20,287,176,invisible,yes,helmet
images459.jpg,34.08,37.17,99.40,115.05,284,177,invisible,yes,helmet
images459.jpg,232.88,0.00,255.60,24.78,284,177,no,no,None
images459.jpg,190.28,3.54,198.80,19.47,284,177,no,no,None
images459.jpg,164.72,7.08,173.24,15.93,284,177,invisible,no,None
images459.jpg,73.84,5.31,82.36,15.93,284,177,invisible,no,None
images459.jpg,178.92,3.54,190.28,17.70,284,177,invisible,no,None
images459.jpg,210.16,12.39,215.84,21.24,284,177,invisible,no,None
images459.jpg,190.28,28.32,204.48,44.25,284,177,invisible,no,None
images459.jpg,153.36,1.77,161.88,12.39,284,177,invisible,no,None
images459.jpg,153.36,10.62,161.88,19.47,284,177,invisible,no,None
images46.jpg,134.75,32.94,148.50,56.73,275,183,no,yes,helmet
images460.jpg,30.25,5.49,79.75,62.22,275,183,yes,yes,both
images460.jpg,200.75,5.49,250.25,67.71,275,183,yes,yes,both
images460.jpg,123.75,31.11,145.75,62.22,275,183,yes,yes,both
images461.jpg,101.75,58.56,132.00,100.65,275,183,invisible,no,None
images463.jpg,121.88,158.34,146.81,182.00,277,182,invisible,yes,helmet
images463.jpg,218.83,151.70,251.00,182.00,277,182,no,yes,helmet
images463.jpg,187.00,89.18,208.90,119.50,277,182,no,yes,helmet
images463.jpg,157.89,99.00,180.05,125.58,277,182,yes,yes,both
images463.jpg,157.89,151.06,182.82,182.00,277,182,invisible,yes,helmet
images463.jpg,30.47,161.98,58.17,183.82,277,182,invisible,yes,helmet
images464.jpg,85.20,131.82,110.00,151.30,275,183,yes,yes,both
images464.jpg,0.81,71.60,11.60,80.63,275,183,no,no,None
images464.jpg,232.45,39.74,238.63,43.91,275,183,invisible,no,None
images464.jpg,191.20,73.70,206.60,88.00,275,183,yes,yes,both
images464.jpg,118.30,64.80,129.50,78.30,275,183,yes,yes,both
images465.jpg,103.28,13.70,169.28,79.22,300,168,no,no,None
images466.jpg,225.50,89.67,231.00,96.99,275,183,invisible,no,None
images466.jpg,36.00,85.35,39.80,90.25,275,183,invisible,no,None
images466.jpg,159.50,115.29,200.75,164.70,275,183,no,yes,helmet
images466.jpg,63.25,107.97,101.75,157.38,275,183,no,yes,helmet
images466.jpg,233.75,91.50,239.25,96.99,275,183,invisible,no,None
images466.jpg,250.25,86.01,258.50,96.99,275,183,invisible,no,None
images466.jpg,211.75,91.50,217.25,96.99,275,183,invisible,no,None
images467.jpg,182.90,-0.00,235.60,53.79,310,163,no,yes,helmet
images468.jpg,55.00,0.00,99.00,38.43,275,183,no,yes,helmet
images468.jpg,178.75,-0.00,220.00,60.39,275,183,invisible,yes,helmet
images468.jpg,121.00,27.45,165.00,86.01,275,183,invisible,yes,helmet
images469.jpg,193.80,32.30,236.30,69.70,297,170,no,no,None
images469.jpg,29.70,27.70,74.25,74.80,297,170,no,no,None
images47.jpg,169.47,26.18,196.37,61.71,269,187,no,yes,helmet
images472.jpg,70.90,40.80,112.50,79.61,275,183,yes,yes,both
images473.jpg,42.00,0.00,132.00,94.08,300,168,yes,no,mask
images473.jpg,133.36,0.94,215.59,87.41,300,168,invisible,yes,helmet
images474.jpg,108.24,19.10,126.72,42.02,264,191,yes,yes,both
images474.jpg,183.06,55.42,203.67,76.63,264,191,yes,yes,both
images474.jpg,187.44,45.84,195.36,57.30,264,191,invisible,no,None
images475.jpg,189.50,60.50,208.20,79.20,299,168,yes,yes,both
images476.jpg,38.22,58.14,61.74,82.08,294,171,invisible,yes,helmet
images476.jpg,152.88,30.78,176.40,54.72,294,171,invisible,yes,helmet
images476.jpg,110.30,52.60,133.40,72.50,294,171,yes,yes,both
images477.jpg,53.82,94.08,77.74,122.64,299,168,no,yes,helmet
images477.jpg,17.94,99.12,44.85,129.36,299,168,no,yes,helmet
images477.jpg,149.50,90.72,176.41,120.96,299,168,no,yes,helmet
images477.jpg,191.36,92.40,215.28,119.80,299,168,no,yes,helmet
images477.jpg,95.68,87.36,122.59,117.60,299,168,no,yes,helmet
images477.jpg,263.12,89.04,290.03,119.28,299,168,no,yes,helmet
images478.jpg,154.00,56.73,167.75,75.03,275,183,no,yes,helmet
images478.jpg,211.75,60.39,220.00,71.37,275,183,invisible,yes,helmet
images478.jpg,126.50,58.56,140.25,78.69,275,183,yes,no,mask
images478.jpg,137.50,49.41,156.75,75.03,275,183,yes,yes,both
images478.jpg,189.75,58.56,198.00,69.54,275,183,invisible,yes,helmet
images478.jpg,74.25,62.22,88.00,80.52,275,183,no,yes,helmet
images478.jpg,22.00,64.05,38.50,84.18,275,183,invisible,yes,helmet
images478.jpg,90.75,56.73,104.50,75.03,275,183,yes,yes,both
images478.jpg,101.75,53.07,118.25,73.20,275,183,invisible,yes,helmet
images478.jpg,167.75,56.73,181.50,71.37,275,183,no,yes,helmet
images479.jpg,167.70,32.80,194.90,55.30,288,175,yes,yes,both
images48.jpg,258.44,40.94,284.00,87.22,284,178,yes,yes,both
images48.jpg,0.00,17.60,48.10,74.76,284,178,yes,yes,both
images48.jpg,105.08,53.00,140.10,97.40,284,178,yes,yes,both
images48.jpg,168.40,43.80,195.80,83.80,284,178,yes,yes,both
images48.jpg,188.80,31.00,239.80,86.10,284,178,yes,yes,both
images480.jpg,87.00,5.04,156.00,85.68,300,168,no,no,None
images481.jpg,181.50,40.26,187.00,45.75,275,183,invisible,no,None
images481.jpg,55.30,24.30,62.60,32.80,275,183,yes,yes,both
images481.jpg,99.00,42.09,107.25,53.07,275,183,invisible,no,None
images482.jpg,143.20,118.10,149.20,128.30,299,168,yes,yes,both
images482.jpg,212.60,62.29,226.30,80.80,299,168,yes,yes,both
images482.jpg,116.61,55.44,134.55,77.28,299,168,yes,no,mask
images482.jpg,161.46,15.12,191.36,53.76,299,168,yes,yes,both
images483.jpg,24.75,16.47,159.50,177.51,275,183,no,no,None
images484.jpg,90.75,40.26,115.50,69.54,275,183,invisible,yes,helmet
images484.jpg,216.00,99.50,220.30,102.00,275,183,yes,yes,both
images487.jpg,122.50,14.40,172.60,72.90,311,162,no,yes,helmet
images487.jpg,68.42,29.90,104.90,80.30,311,162,no,yes,helmet
images487.jpg,189.71,0.00,267.46,72.90,311,162,no,yes,helmet
images487.jpg,292.34,37.26,311.00,58.32,311,162,no,yes,helmet
images489.jpg,13.10,0.40,60.60,55.70,272,185,no,no,None
images489.jpg,103.80,7.00,148.20,56.50,272,185,no,no,None
images489.jpg,214.60,1.13,251.80,46.30,272,185,no,no,None
images49.jpg,181.30,30.00,202.02,58.20,259,194,yes,yes,both
images49.jpg,152.42,60.26,175.80,92.76,259,194,yes,yes,both
images49.jpg,235.69,38.80,253.82,64.02,259,194,yes,yes,both
images49.jpg,160.58,40.74,178.71,67.90,259,194,yes,yes,both
images49.jpg,28.49,24.90,101.01,116.40,259,194,no,no,None
images490.jpg,159.50,31.11,184.25,64.05,275,183,yes,yes,both
images490.jpg,113.15,78.43,127.71,94.20,275,183,yes,yes,both
images490.jpg,72.16,80.00,87.90,95.16,275,183,invisible,no,None
images491.jpg,141.05,70.62,190.44,130.76,298,169,invisible,no,None
images50.jpg,134.75,135.42,140.25,142.74,275,183,invisible,no,None
images50.jpg,63.25,135.42,68.75,144.20,275,183,invisible,no,None
images50.jpg,104.60,136.73,107.70,140.20,275,183,yes,yes,both
images51.jpg,70.70,1.16,100.73,43.71,273,185,yes,yes,both
images51.jpg,173.55,95.11,183.00,101.50,273,185,invisible,no,None
images52.jpg,236.50,124.44,242.00,131.76,275,183,invisible,no,None
images53.jpg,209.30,65.52,233.90,91.00,299,168,invisible,no,None
images53.jpg,79.80,47.10,91.10,62.39,299,168,yes,yes,both
images53.jpg,137.54,3.36,149.50,18.48,299,168,no,no,None
images54.jpg,159.50,91.50,167.75,100.65,275,183,invisible,no,None
images54.jpg,233.75,47.58,253.00,71.37,275,183,invisible,yes,helmet
images55.jpg,145.75,1.83,200.75,65.88,275,183,no,yes,helmet
images55.jpg,105.27,21.71,114.94,32.32,275,183,invisible,yes,helmet
images55.jpg,0.00,60.39,16.50,95.16,275,183,yes,no,mask
images55.jpg,241.64,67.73,248.77,73.91,275,183,invisible,yes,helmet
images56.jpg,84.28,40.08,132.44,91.85,301,167,yes,yes,both
images56.jpg,138.46,21.71,159.53,48.43,301,167,no,yes,helmet
images56.jpg,225.75,15.03,261.87,60.12,301,167,no,yes,helmet
images56.jpg,99.33,18.37,126.42,45.09,301,167,invisible,yes,helmet
images56.jpg,165.55,18.37,189.63,48.43,301,167,no,yes,helmet
images56.jpg,27.39,14.48,50.28,37.37,301,167,invisible,yes,helmet
images58.jpg,63.25,10.98,156.75,124.44,275,183,yes,no,mask
images58.jpg,237.53,66.76,251.93,81.39,275,183,invisible,no,None
images59.jpg,251.10,42.38,269.70,63.57,310,163,invisible,no,None
images59.jpg,65.10,32.60,86.80,60.31,310,163,invisible,yes,helmet
images59.jpg,295.63,57.92,303.69,65.78,310,163,invisible,no,None
images59.jpg,182.90,42.38,201.50,63.57,310,163,invisible,no,None
images59.jpg,43.40,13.04,71.30,55.42,310,163,yes,yes,both
images59.jpg,139.50,14.67,176.70,60.31,310,163,yes,yes,both
images59.jpg,99.20,24.45,133.30,65.20,310,163,no,yes,helmet
images59.jpg,9.30,17.93,46.50,60.31,310,163,no,yes,helmet
images59.jpg,210.80,13.04,248.00,53.79,310,163,yes,yes,both
images6.jpg,57.00,60.48,66.00,70.56,300,168,invisible,yes,helmet
images6.jpg,17.70,132.81,24.80,140.66,300,168,invisible,yes,helmet
images6.jpg,75.00,65.52,84.00,75.60,300,168,invisible,yes,helmet
images60.jpg,115.50,3.66,176.00,82.35,275,183,yes,no,mask
images61.jpg,139.65,0.00,181.30,61.80,245,206,yes,yes,both
images61.jpg,58.80,2.06,110.25,76.22,245,206,yes,yes,both
images63.jpg,52.25,23.79,74.25,54.90,275,183,yes,yes,both
images63.jpg,151.25,34.77,167.75,58.56,275,183,no,no,None
images63.jpg,104.50,25.62,118.25,45.75,275,183,invisible,yes,helmet
images63.jpg,162.25,31.11,178.75,53.07,275,183,no,yes,helmet
images63.jpg,0.00,42.09,44.00,111.63,275,183,no,no,None
images64.jpg,130.20,3.26,182.90,63.57,310,163,no,no,None
images65.jpg,253.98,6.60,269.28,28.05,306,165,invisible,yes,helmet
images65.jpg,201.96,26.40,214.20,41.25,306,165,invisible,no,None
images65.jpg,214.20,1.65,260.10,61.05,306,165,no,yes,helmet
images65.jpg,18.36,46.20,42.84,75.90,306,165,no,no,None
images65.jpg,91.80,11.55,137.70,62.70,306,165,no,no,None
images66.jpg,129.00,26.88,171.00,72.24,300,168,no,yes,helmet
images67.jpg,30.25,25.62,49.50,53.07,275,183,invisible,yes,helmet
images67.jpg,225.50,27.00,249.40,54.10,275,183,invisible,no,None
images67.jpg,104.50,24.60,127.60,53.07,275,183,yes,yes,both
images68.jpg,105.00,55.44,117.00,68.88,300,168,invisible,yes,helmet
images68.jpg,153.00,60.48,162.00,70.90,300,168,invisible,no,None
images68.jpg,69.00,40.32,84.00,59.00,300,168,no,yes,helmet
images68.jpg,147.89,71.40,167.30,91.10,300,168,yes,yes,both
images68.jpg,240.30,45.50,265.70,68.50,300,168,yes,yes,both
images68.jpg,129.00,60.48,138.00,68.88,300,168,invisible,no,None
images69.jpg,112.86,35.59,178.60,127.27,264,191,yes,no,mask
images7.jpg,43.50,24.36,75.40,59.16,290,174,yes,yes,both
images70.jpg,183.15,40.86,207.95,70.20,310,163,no,yes,helmet
images70.jpg,93.00,30.97,114.70,52.16,310,163,invisible,yes,helmet
images70.jpg,232.50,34.23,257.30,58.68,310,163,invisible,no,None
images70.jpg,40.30,32.60,58.90,55.42,310,163,invisible,yes,helmet
images71.jpg,143.56,106.19,166.84,129.50,194,259,invisible,no,None
images71.jpg,50.44,101.01,69.84,121.73,194,259,no,yes,helmet
images71.jpg,100.88,93.24,124.16,119.14,194,259,invisible,no,None
images71.jpg,0.00,90.65,19.40,113.96,194,259,yes,yes,both
images72.jpg,220.60,56.30,236.90,75.60,300,168,invisible,no,None
images72.jpg,142.70,88.00,161.60,110.00,300,168,yes,yes,both
images72.jpg,107.20,63.20,118.60,74.19,300,168,yes,yes,both
images72.jpg,126.72,67.29,142.66,89.20,300,168,yes,yes,both
images72.jpg,251.50,68.70,267.30,86.90,300,168,invisible,no,None
images72.jpg,102.00,13.44,108.00,20.16,300,168,invisible,no,None
images72.jpg,66.00,28.56,78.00,43.68,300,168,invisible,yes,helmet
images72.jpg,78.00,25.20,93.00,42.00,300,168,invisible,yes,helmet
images72.jpg,126.00,21.84,138.00,36.96,300,168,invisible,yes,helmet
images72.jpg,162.00,67.20,174.00,84.00,300,168,invisible,yes,helmet
images73.jpg,0.00,18.72,45.36,88.92,324,156,yes,yes,both
images73.jpg,149.04,29.64,200.88,85.80,324,156,yes,yes,both
images74.jpg,133.56,44.52,178.08,95.40,318,159,no,yes,helmet
images75.jpg,216.00,2.20,256.70,53.50,300,168,no,yes,helmet
images75.jpg,150.00,9.90,191.20,62.16,300,168,yes,yes,both
images75.jpg,81.00,1.68,120.00,48.72,300,168,no,yes,helmet
images75.jpg,30.00,6.72,60.00,40.32,300,168,no,no,None
images75.jpg,9.00,0.00,27.00,13.44,300,168,invisible,no,None
images76.jpg,66.70,3.48,113.10,57.42,290,174,yes,yes,both
images76.jpg,243.60,27.84,272.60,66.12,290,174,no,yes,helmet
images77.jpg,147.87,7.24,178.56,48.87,279,181,no,yes,helmet
images77.jpg,80.91,1.81,114.39,36.20,279,181,no,yes,helmet
images77.jpg,131.13,12.67,161.82,56.11,279,181,no,yes,helmet
images77.jpg,172.98,12.67,209.25,59.73,279,181,no,no,None
images77.jpg,200.88,16.29,259.47,85.07,279,181,no,no,None
images78.jpg,80.64,114.00,95.76,132.00,168,300,invisible,yes,helmet
images8.jpg,54.00,8.40,108.00,70.56,300,168,yes,yes,both
images8.jpg,213.00,18.48,252.00,63.84,300,168,invisible,yes,helmet
images80.jpg,167.75,73.20,181.50,86.01,275,183,invisible,yes,helmet
images80.jpg,140.25,71.37,154.00,89.67,275,183,invisible,yes,helmet
images80.jpg,99.00,78.69,110.00,93.33,275,183,invisible,yes,helmet
images80.jpg,209.00,58.56,222.75,75.03,275,183,invisible,no,None
images80.jpg,63.25,89.67,74.25,106.14,275,183,invisible,yes,helmet
images81.jpg,164.09,39.27,180.23,63.58,269,187,yes,no,mask
images81.jpg,131.81,44.88,150.64,69.19,269,187,yes,yes,both
images81.jpg,29.59,39.27,51.11,67.32,269,187,yes,yes,both
images81.jpg,228.65,46.75,247.48,72.93,269,187,yes,yes,both
images81.jpg,67.25,44.88,83.39,67.32,269,187,yes,no,mask
images81.jpg,196.37,44.88,212.51,65.45,269,187,yes,no,mask
images81.jpg,102.22,41.14,118.36,63.58,269,187,yes,yes,both
images81.jpg,204.44,59.84,220.58,80.41,269,187,invisible,no,None
images82.jpg,204.61,100.88,217.56,116.40,259,194,invisible,no,None
images82.jpg,186.65,126.42,194.35,134.30,259,194,yes,yes,both
images82.jpg,220.15,75.66,248.64,114.46,259,194,no,yes,helmet
images82.jpg,116.55,52.38,157.99,100.88,259,194,no,yes,helmet
images84.jpg,53.31,3.15,125.67,84.67,268,188,yes,no,mask
images84.jpg,184.06,63.92,226.94,112.87,268,188,no,no,None
images85.jpg,0.00,137.25,22.50,200.25,225,225,yes,no,mask
images85.jpg,61.09,135.26,117.34,213.26,225,225,yes,no,mask
images85.jpg,180.00,84.40,218.25,135.20,225,225,yes,no,mask
images85.jpg,110.25,102.40,150.75,166.00,225,225,yes,no,mask
images85.jpg,15.75,89.30,56.25,139.20,225,225,yes,no,mask
images85.jpg,126.00,49.50,157.50,105.75,225,225,yes,no,mask
images86.jpg,150.40,3.80,167.58,30.40,266,190,no,yes,helmet
images87.jpg,79.75,117.12,96.25,139.08,275,183,invisible,yes,helmet
images88.jpg,157.80,3.84,181.47,46.08,263,192,yes,yes,both
images89.jpg,110.20,13.92,116.00,19.14,290,174,invisible,no,None
images89.jpg,121.80,12.18,124.70,19.14,290,174,invisible,no,None
images89.jpg,191.40,6.96,197.20,13.92,290,174,invisible,no,None
images89.jpg,281.30,1.74,290.00,13.92,290,174,invisible,no,None
images89.jpg,180.27,9.94,184.17,14.24,290,174,invisible,no,None
images89.jpg,269.66,1.10,284.84,17.35,290,174,invisible,yes,helmet
images89.jpg,144.53,136.70,165.23,152.00,290,174,yes,yes,both
images89.jpg,215.00,86.66,239.05,107.78,290,174,yes,yes,both
images89.jpg,47.50,71.60,75.60,103.60,290,174,no,yes,helmet
images9.jpg,193.79,63.57,198.19,66.97,262,193,invisible,yes,helmet
images9.jpg,221.19,59.27,225.09,63.37,262,193,invisible,yes,helmet
images9.jpg,228.59,58.27,232.89,62.97,262,193,invisible,no,None
images9.jpg,60.26,57.90,104.80,108.08,262,193,yes,yes,both
images90.jpg,10.36,46.80,31.08,78.00,259,195,invisible,no,None
images91.jpg,119.70,70.40,132.30,83.20,315,160,yes,yes,both
images91.jpg,81.90,70.40,94.50,81.60,315,160,invisible,no,None
images91.jpg,261.45,67.20,274.05,78.40,315,160,invisible,no,None
images91.jpg,50.40,70.40,59.85,81.60,315,160,invisible,yes,helmet
images91.jpg,151.20,65.60,166.95,78.40,315,160,invisible,yes,helmet
images91.jpg,226.80,67.20,236.25,78.40,315,160,invisible,no,None
images92.jpg,129.00,68.88,138.00,82.32,300,168,invisible,yes,helmet
images92.jpg,102.00,80.64,108.00,89.04,300,168,invisible,no,None
images92.jpg,159.00,33.60,180.00,57.12,300,168,yes,yes,both
images93.jpg,79.51,43.31,104.81,76.41,260,194,no,yes,helmet
images95.jpg,150.00,16.80,171.00,43.68,300,168,yes,yes,both
images95.jpg,123.00,3.36,147.00,30.24,300,168,no,yes,helmet
images95.jpg,54.00,16.80,78.00,45.36,300,168,yes,yes,both
images95.jpg,33.00,33.60,47.80,50.70,300,168,invisible,no,None
images96.jpg,63.00,36.96,123.00,114.24,300,168,no,yes,helmet
images96.jpg,180.00,30.24,231.00,99.12,300,168,no,yes,helmet
images96.jpg,111.00,5.04,195.00,99.12,300,168,no,yes,helmet
images97.jpg,129.82,60.37,187.60,120.03,321,157,no,no,None
images98.jpg,127.90,71.30,141.70,84.90,299,168,yes,yes,both
images98.jpg,173.42,73.92,185.38,89.04,299,168,invisible,yes,helmet
images98.jpg,206.31,70.56,221.26,85.68,299,168,invisible,yes,helmet
images98.jpg,50.83,25.20,86.71,62.16,299,168,yes,yes,both
images99.jpg,98.38,102.10,107.12,111.00,312,162,invisible,yes,helmet
images99.jpg,196.56,42.12,205.92,53.46,312,162,invisible,yes,helmet
images99.jpg,62.40,103.68,71.76,113.40,312,162,invisible,yes,helmet
images99.jpg,71.76,64.80,81.12,74.52,312,162,invisible,yes,helmet
images99.jpg,171.60,45.36,180.96,55.08,312,162,invisible,no,None
images99.jpg,103.50,70.40,111.40,78.63,312,162,invisible,yes,helmet
